species,Phylum,Class,Order,Family,source,speciemens barcoded,speciemens,public BINs,verified by,status,BOLD taxid,Unnamed: 12,Unnamed: 13,Unnamed: 14
Andrena aberrans,Arthropoda,Insecta,Hymenoptera,Andrenidae,"BOLD,FE,DTN",1,2,1,,,501979,,,
Andrena abrupta,Arthropoda,Insecta,Hymenoptera,Andrenidae,"BOLD,FE",1,2,0,,,694702,,,
Andrena aciculata,Arthropoda,Insecta,Hymenoptera,Andrenidae,"BOLD,FE",1,2,0,,,501981,,,
Andrena acuta,Arthropoda,Insecta,Hymenoptera,Andrenidae,BOLD,2,33,0,,,1121515,,,
Andrena aegyptiaca,Arthropoda,Insecta,Hymenoptera,Andrenidae,"BOLD,FE",4,7,0,,,191424,,,
Andrena aeneiventris,Arthropoda,Insecta,Hymenoptera,Andrenidae,"BOLD,FE",7,14,1,,,694712,,,
Andrena aerinifrons,Arthropoda,Insecta,Hymenoptera,Andrenidae,"BOLD,FE",5,10,1,,,694713,,,
Andrena afrensis,Arthropoda,Insecta,Hymenoptera,Andrenidae,"BOLD,FE",3,5,0,,,694716,,,
Andrena agilissima,Arthropoda,Insecta,Hymenoptera,Andrenidae,"BOLD,FE,iNat,DTN",13,53,2,,,250356,,,
Andrena albopunctata,Arthropoda,Insecta,Hymenoptera,Andrenidae,"BOLD,FE",2,9,0,,,247051,,,
Andrena alfkenella,Arthropoda,Insecta,Hymenoptera,Andrenidae,"BOLD,FE,DTN",21,30,1,,,265291,,,
Andrena allosa,Arthropoda,Insecta,Hymenoptera,Andrenidae,"BOLD,FE",6,14,1,,,449146,,,
Andrena alluaudi,Arthropoda,Insecta,Hymenoptera,Andrenidae,"BOLD,FE",2,4,0,,,260634,,,
Andrena alutacea,Arthropoda,Insecta,Hymenoptera,Andrenidae,BOLD,3,31,1,,,198490,,,
Andrena alutaceae,Arthropoda,Insecta,Hymenoptera,Andrenidae,BOLD,2,2,0,,,1137881,,,
Andrena amieti,Arthropoda,Insecta,Hymenoptera,Andrenidae,BOLD,24,51,2,,,899641,,,
Andrena ampla,Arthropoda,Insecta,Hymenoptera,Andrenidae,BOLD,21,73,1,,,198489,,,
Andrena angustior,Arthropoda,Insecta,Hymenoptera,Andrenidae,"BOLD,FE,DTN",23,30,1,,,250357,,,
Andrena anthrisci,Arthropoda,Insecta,Hymenoptera,Andrenidae,"BOLD,FE,DTN",1,8,0,,,293492,,,
Andrena antigana,Arthropoda,Insecta,Hymenoptera,Andrenidae,"BOLD,FE",3,4,0,,,694746,,,
Andrena apicata,Arthropoda,Insecta,Hymenoptera,Andrenidae,"BOLD,FE,DTN",13,54,1,,,250358,250359.0,,
Andrena argentata,Arthropoda,Insecta,Hymenoptera,Andrenidae,"BOLD,FE,DTN",20,40,0,,,214076,,,
Andrena assimilis,Arthropoda,Insecta,Hymenoptera,Andrenidae,"BOLD,FE,DTN",7,10,0,,,694760,,,
Andrena avara,Arthropoda,Insecta,Hymenoptera,Andrenidae,"BOLD,FE",3,7,2,,,694769,987834.0,,
Andrena baetica,Arthropoda,Insecta,Hymenoptera,Andrenidae,BOLD,2,2,0,,,1129835,,,
Andrena barbareae,Arthropoda,Insecta,Hymenoptera,Andrenidae,"BOLD,FE,DTN",1,15,1,,,198497,,,
Andrena barbilabris,Arthropoda,Insecta,Hymenoptera,Andrenidae,"BOLD,FE,iNat,DTN",75,112,3,,,85474,,,
Andrena bayona,Arthropoda,Insecta,Hymenoptera,Andrenidae,"BOLD,FE",2,4,0,,,694779,,,
Andrena bellidis,Arthropoda,Insecta,Hymenoptera,Andrenidae,"BOLD,FE",2,3,0,,,694781,,,
Andrena benoisti,Arthropoda,Insecta,Hymenoptera,Andrenidae,BOLD,2,5,1,,,1073944,,,
Andrena bicolor,Arthropoda,Insecta,Hymenoptera,Andrenidae,"BOLD,FE,iNat,DTN",25,110,1,ITIS,,198487,198491.0,,
Andrena bimaculata,Arthropoda,Insecta,Hymenoptera,Andrenidae,"BOLD,FE,DTN",20,53,2,,,250360,216714.0,250386.0,250361.0
Andrena blanda,Arthropoda,Insecta,Hymenoptera,Andrenidae,"BOLD,FE",3,4,0,,,694803,,,
Andrena brumaniensis,Arthropoda,Insecta,Hymenoptera,Andrenidae,BOLD,0,2,0,,gap,1129832,,,
Andrena bucephala,Arthropoda,Insecta,Hymenoptera,Andrenidae,"BOLD,FE,DTN",9,15,1,,,250362,,,
Andrena carantonica,Arthropoda,Insecta,Hymenoptera,Andrenidae,"BOLD,FE",24,56,2,,,214081,327873.0,,
Andrena carbonaria,Arthropoda,Insecta,Hymenoptera,Andrenidae,BOLD,0,2,0,,gap,462101,,,
Andrena catula,Arthropoda,Insecta,Hymenoptera,Andrenidae,BOLD,1,14,0,,,1121517,,,
Andrena chalcogastra,Arthropoda,Insecta,Hymenoptera,Andrenidae,"BOLD,FE",3,3,0,,,694840,,,
Andrena chrysopus,Arthropoda,Insecta,Hymenoptera,Andrenidae,"BOLD,FE,DTN",3,3,1,,,250363,,,
Andrena chrysosceles,Arthropoda,Insecta,Hymenoptera,Andrenidae,"BOLD,FE,DTN",9,34,2,,,216709,,,
Andrena cineraria,Arthropoda,Insecta,Hymenoptera,Andrenidae,"BOLD,FE,iNat,DTN",33,98,2,,,198496,501997.0,,
Andrena cinerea,Arthropoda,Insecta,Hymenoptera,Andrenidae,"BOLD,FE",9,9,0,,,694851,,,
Andrena clarkella,Arthropoda,Insecta,Hymenoptera,Andrenidae,"BOLD,FE,iNat,DTN",114,221,6,,,156021,,,
Andrena coitana,Arthropoda,Insecta,Hymenoptera,Andrenidae,"BOLD,FE,DTN",15,31,1,,,250365,,,
Andrena colletiformis,Arthropoda,Insecta,Hymenoptera,Andrenidae,"BOLD,FE",3,11,1,,,694858,,,
Andrena combaella,Arthropoda,Insecta,Hymenoptera,Andrenidae,"BOLD,FE",1,1,1,,,694862,,,
Andrena combinata,Arthropoda,Insecta,Hymenoptera,Andrenidae,"BOLD,FE,DTN",14,24,1,,,250366,,,
Andrena confinis,Arthropoda,Insecta,Hymenoptera,Andrenidae,BOLD,11,14,1,,,250367,,,
Andrena congruens,Arthropoda,Insecta,Hymenoptera,Andrenidae,"BOLD,FE,DTN",7,15,2,,,250368,,,
Andrena contracta,Arthropoda,Insecta,Hymenoptera,Andrenidae,BOLD,3,3,1,,,1129845,,,
Andrena corax,Arthropoda,Insecta,Hymenoptera,Andrenidae,"BOLD,FE",3,3,1,,,694869,,,
Andrena corssubalpina,Arthropoda,Insecta,Hymenoptera,Andrenidae,BOLD,1,1,0,,,694871,,,
Andrena curtula,Arthropoda,Insecta,Hymenoptera,Andrenidae,"BOLD,FE,DTN",5,9,0,,,510453,265293.0,,
Andrena curvana,Arthropoda,Insecta,Hymenoptera,Andrenidae,"BOLD,FE",1,2,0,,,608462,,,
Andrena curvungula,Arthropoda,Insecta,Hymenoptera,Andrenidae,"BOLD,FE,iNat,DTN",5,34,1,,,250369,,,
Andrena decipiens,Arthropoda,Insecta,Hymenoptera,Andrenidae,"BOLD,FE,DTN",1,17,0,,,250370,,,
Andrena denticulata,Arthropoda,Insecta,Hymenoptera,Andrenidae,"BOLD,FE,iNat,DTN",21,31,1,,,214077,,,
Andrena discors,Arthropoda,Insecta,Hymenoptera,Andrenidae,"BOLD,FE",1,3,0,,,260635,,,
Andrena distinguenda,Arthropoda,Insecta,Hymenoptera,Andrenidae,"BOLD,FE,DTN",3,16,1,,,250371,,,
Andrena djelfensis,Arthropoda,Insecta,Hymenoptera,Andrenidae,"BOLD,FE",2,6,0,,,694901,,,
Andrena dorsalis,Arthropoda,Insecta,Hymenoptera,Andrenidae,"BOLD,FE",2,2,1,,,694905,,,
Andrena dorsata,Arthropoda,Insecta,Hymenoptera,Andrenidae,"BOLD,FE,iNat,DTN",89,155,4,ITIS,,198492,198493.0,,
Andrena doursana,Arthropoda,Insecta,Hymenoptera,Andrenidae,"BOLD,FE",9,10,0,,,694906,,,
Andrena elata,Arthropoda,Insecta,Hymenoptera,Andrenidae,BOLD,0,1,0,,gap,694915,,,
Andrena enslinella,Arthropoda,Insecta,Hymenoptera,Andrenidae,"BOLD,FE,DTN",2,6,1,,,265294,,,
Andrena fabrella,Arthropoda,Insecta,Hymenoptera,Andrenidae,"BOLD,FE",8,9,0,,,694936,,,
Andrena falsifica,Arthropoda,Insecta,Hymenoptera,Andrenidae,"BOLD,FE,DTN",16,32,1,,,216710,,,
Andrena farinosa,Arthropoda,Insecta,Hymenoptera,Andrenidae,"BOLD,FE",2,6,0,,,694942,,,
Andrena ferox,Arthropoda,Insecta,Hymenoptera,Andrenidae,"BOLD,FE,DTN",2,8,0,,,250373,,,
Andrena ferrugineicrus,Arthropoda,Insecta,Hymenoptera,Andrenidae,"BOLD,FE",10,14,0,,,694945,,,
Andrena flavilabris,Arthropoda,Insecta,Hymenoptera,Andrenidae,"BOLD,DTN",5,8,0,,,942467,,,
Andrena flavipes,Arthropoda,Insecta,Hymenoptera,Andrenidae,"BOLD,FE,iNat,DTN",68,172,1,,,216711,,,
Andrena florea,Arthropoda,Insecta,Hymenoptera,Andrenidae,"BOLD,FE,iNat,DTN",29,48,2,,,250374,,,
Andrena florentina,Arthropoda,Insecta,Hymenoptera,Andrenidae,"BOLD,FE",6,9,0,,,694957,,,
Andrena floricola,Arthropoda,Insecta,Hymenoptera,Andrenidae,"BOLD,FE,DTN",7,19,1,,,265295,,,
Andrena florivaga,Arthropoda,Insecta,Hymenoptera,Andrenidae,"BOLD,FE,DTN",4,8,2,,,250375,,,
Andrena foeniculae,Arthropoda,Insecta,Hymenoptera,Andrenidae,BOLD,1,1,0,,,1129834,,,
Andrena forsterella,Arthropoda,Insecta,Hymenoptera,Andrenidae,"BOLD,FE",3,3,2,,,694960,,,
Andrena freygessneri,Arthropoda,Insecta,Hymenoptera,Andrenidae,BOLD,1,2,1,,,694964,,,
Andrena fucata,Arthropoda,Insecta,Hymenoptera,Andrenidae,"BOLD,FE,DTN",15,45,2,,,214078,,,
Andrena fulica,Arthropoda,Insecta,Hymenoptera,Andrenidae,"BOLD,FE",10,11,0,,,694967,,,
Andrena fulvago,Arthropoda,Insecta,Hymenoptera,Andrenidae,"BOLD,FE,DTN",28,37,1,,,250376,,,
Andrena fulvata,Arthropoda,Insecta,Hymenoptera,Andrenidae,"BOLD,FE,DTN",11,20,1,,,214309,,,
Andrena fulvida,Arthropoda,Insecta,Hymenoptera,Andrenidae,"BOLD,FE,DTN",9,13,2,,,250378,,,
Andrena funerea,Arthropoda,Insecta,Hymenoptera,Andrenidae,"BOLD,FE",2,2,0,,,694972,,,
Andrena fuscipes,Arthropoda,Insecta,Hymenoptera,Andrenidae,"BOLD,FE,iNat,DTN",21,42,1,,,214088,,,
Andrena fuscosa,Arthropoda,Insecta,Hymenoptera,Andrenidae,"BOLD,FE",13,20,1,,,694975,247050.0,,
Andrena gallica,Arthropoda,Insecta,Hymenoptera,Andrenidae,"BOLD,FE,DTN",4,8,0,,,451880,,,
Andrena gelriae,Arthropoda,Insecta,Hymenoptera,Andrenidae,"BOLD,FE,DTN",5,26,1,,,379205,,,
Andrena gomerensis,Arthropoda,Insecta,Hymenoptera,Andrenidae,BOLD,1,39,0,,,1121518,,,
Andrena granulosa,Arthropoda,Insecta,Hymenoptera,Andrenidae,"BOLD,FE,DTN",3,6,1,,,250379,,,
Andrena gredana,Arthropoda,Insecta,Hymenoptera,Andrenidae,BOLD,0,2,0,,gap,1073946,,,
Andrena griseobalteata,Arthropoda,Insecta,Hymenoptera,Andrenidae,"BOLD,FE,iNat,DTN",49,77,1,,,695003,216712.0,,
Andrena haemorrhoa,Arthropoda,Insecta,Hymenoptera,Andrenidae,"BOLD,FE,iNat,DTN",90,120,1,,,198498,,,
Andrena hedikae,Arthropoda,Insecta,Hymenoptera,Andrenidae,"BOLD,FE",8,13,0,,,695015,,,
Andrena helvola,Arthropoda,Insecta,Hymenoptera,Andrenidae,"BOLD,FE,DTN",28,57,3,,,198499,,,
Andrena hesperia,Arthropoda,Insecta,Hymenoptera,Andrenidae,"BOLD,FE",13,16,1,,,695023,,,
Andrena hispania,Arthropoda,Insecta,Hymenoptera,Andrenidae,"BOLD,FE",3,3,0,,,695033,,,
Andrena humilis,Arthropoda,Insecta,Hymenoptera,Andrenidae,"BOLD,FE,DTN",22,32,3,,,216713,,,
Andrena hypopolia,Arthropoda,Insecta,Hymenoptera,Andrenidae,"BOLD,FE,DTN",6,18,1,,,250381,,,
Andrena hystrix,Arthropoda,Insecta,Hymenoptera,Andrenidae,"BOLD,FE",4,10,0,,,695044,,,
Andrena impressa,Arthropoda,Insecta,Hymenoptera,Andrenidae,BOLD,4,7,1,,,1073947,,,
Andrena impunctata,Arthropoda,Insecta,Hymenoptera,Andrenidae,"BOLD,FE",7,10,1,,,695050,,,
Andrena juliana,Arthropoda,Insecta,Hymenoptera,Andrenidae,BOLD,3,4,0,,,1129840,,,
Andrena labiata,Arthropoda,Insecta,Hymenoptera,Andrenidae,"BOLD,FE,iNat,DTN",29,34,3,,,256555,,,
Andrena lagopus,Arthropoda,Insecta,Hymenoptera,Andrenidae,"BOLD,FE,iNat,DTN",12,31,2,,,250383,,,
Andrena lapponica,Arthropoda,Insecta,Hymenoptera,Andrenidae,"BOLD,FE,DTN",42,63,2,,,214073,,,
Andrena lateralis,Arthropoda,Insecta,Hymenoptera,Andrenidae,"BOLD,FE",2,2,0,,,695110,,,
Andrena lathyri,Arthropoda,Insecta,Hymenoptera,Andrenidae,"BOLD,FE,iNat,DTN",14,29,1,,,250384,,,
Andrena laurivora,Arthropoda,Insecta,Hymenoptera,Andrenidae,BOLD,0,1,0,,gap,695114,,,
Andrena lepida,Arthropoda,Insecta,Hymenoptera,Andrenidae,"BOLD,FE,DTN",11,17,1,,,396871,,,
Andrena leptopyga,Arthropoda,Insecta,Hymenoptera,Andrenidae,"BOLD,FE",7,7,0,,,695120,,,
Andrena leucolippa,Arthropoda,Insecta,Hymenoptera,Andrenidae,"BOLD,FE",3,6,0,,,695124,,,
Andrena levante,Arthropoda,Insecta,Hymenoptera,Andrenidae,BOLD,0,4,0,,gap,1073945,,,
Andrena limata,Arthropoda,Insecta,Hymenoptera,Andrenidae,"BOLD,FE,DTN",18,30,2,,,293493,,,
Andrena limbata,Arthropoda,Insecta,Hymenoptera,Andrenidae,"BOLD,FE,DTN",3,6,0,,,695132,,,
Andrena lineolata,Arthropoda,Insecta,Hymenoptera,Andrenidae,"BOLD,FE",44,65,0,,,695135,,,
Andrena livens,Arthropoda,Insecta,Hymenoptera,Andrenidae,"BOLD,FE",8,8,0,,,695136,,,
Andrena longibarbis,Arthropoda,Insecta,Hymenoptera,Andrenidae,"BOLD,FE",6,6,0,,,695137,,,
Andrena marginata,Arthropoda,Insecta,Hymenoptera,Andrenidae,"BOLD,FE,iNat,DTN",36,54,3,ITIS,,250385,198501.0,,
Andrena mariana,Arthropoda,Insecta,Hymenoptera,Andrenidae,"BOLD,FE",7,10,1,,,695161,344579.0,,
Andrena medeninensis,Arthropoda,Insecta,Hymenoptera,Andrenidae,"BOLD,FE",8,8,0,ITIS,,695166,695262.0,,
Andrena mediovittata,Arthropoda,Insecta,Hymenoptera,Andrenidae,"BOLD,FE",2,4,0,ITIS,,695169,,,
Andrena minutula,Arthropoda,Insecta,Hymenoptera,Andrenidae,"BOLD,FE,iNat,DTN",110,181,3,,,198534,,,
Andrena minutuloides,Arthropoda,Insecta,Hymenoptera,Andrenidae,"BOLD,FE,DTN",61,82,1,,,198535,,,
Andrena mitis,Arthropoda,Insecta,Hymenoptera,Andrenidae,"BOLD,FE,DTN",24,38,1,,,216715,,,
Andrena mocsaryi,Arthropoda,Insecta,Hymenoptera,Andrenidae,"BOLD,FE",0,1,0,,gap,695197,,,
Andrena monilia,Arthropoda,Insecta,Hymenoptera,Andrenidae,"BOLD,FE",1,3,1,,,695201,,,
Andrena morio,Arthropoda,Insecta,Hymenoptera,Andrenidae,"BOLD,FE,DTN",16,21,3,,,250387,,,
Andrena mucida,Arthropoda,Insecta,Hymenoptera,Andrenidae,"BOLD,FE",5,5,0,,,695208,,,
Andrena mucronata,Arthropoda,Insecta,Hymenoptera,Andrenidae,"BOLD,FE",3,4,1,,,695210,,,
Andrena murana,Arthropoda,Insecta,Hymenoptera,Andrenidae,"BOLD,FE",3,3,0,,,695212,,,
Andrena nana,Arthropoda,Insecta,Hymenoptera,Andrenidae,"BOLD,FE,DTN",14,29,1,,,265296,,,
Andrena nanula,Arthropoda,Insecta,Hymenoptera,Andrenidae,"BOLD,FE,DTN",4,13,0,,,265297,,,
Andrena nasuta,Arthropoda,Insecta,Hymenoptera,Andrenidae,"BOLD,FE,iNat,DTN",8,10,1,,,250388,,,
Andrena nebularia,Arthropoda,Insecta,Hymenoptera,Andrenidae,"BOLD,FE",3,4,0,,,695225,,,
Andrena nigriceps,Arthropoda,Insecta,Hymenoptera,Andrenidae,"BOLD,FE,DTN",0,19,0,,gap,250389,,,
Andrena nigroaenea,Arthropoda,Insecta,Hymenoptera,Andrenidae,"BOLD,iNat,DTN",77,97,1,,,214074,,,
Andrena nigroolivacea,Arthropoda,Insecta,Hymenoptera,Andrenidae,"BOLD,FE",8,9,1,,,695233,,,
Andrena nigroviridula,Arthropoda,Insecta,Hymenoptera,Andrenidae,"BOLD,FE",1,2,0,,,695234,,,
Andrena nilotica,Arthropoda,Insecta,Hymenoptera,Andrenidae,"BOLD,FE",0,1,0,,gap,695235,,,
Andrena nitida,Arthropoda,Insecta,Hymenoptera,Andrenidae,"BOLD,FE,iNat,DTN",52,64,3,,,198500,,,
Andrena nitidiuscula,Arthropoda,Insecta,Hymenoptera,Andrenidae,"BOLD,FE,DTN",15,46,4,,,250390,250377.0,,
Andrena nitidula,Arthropoda,Insecta,Hymenoptera,Andrenidae,"BOLD,FE,DTN",11,16,1,,,250391,,,
Andrena niveata,Arthropoda,Insecta,Hymenoptera,Andrenidae,"BOLD,FE,DTN",4,25,1,,,265298,,,
Andrena nudigastroides,Arthropoda,Insecta,Hymenoptera,Andrenidae,"BOLD,FE,DTN",21,60,2,ITIS,,250360,,,
Andrena nuptialis,Arthropoda,Insecta,Hymenoptera,Andrenidae,"BOLD,FE,DTN",4,9,1,,,250392,,,
Andrena nycthemera,Arthropoda,Insecta,Hymenoptera,Andrenidae,"BOLD,FE,DTN",3,12,1,,,216716,,,
Andrena orana,Arthropoda,Insecta,Hymenoptera,Andrenidae,"BOLD,FE",2,3,1,,,695263,,,
Andrena orbitalis,Arthropoda,Insecta,Hymenoptera,Andrenidae,"BOLD,FE",4,6,0,,,260637,,,
Andrena ovatula,Arthropoda,Insecta,Hymenoptera,Andrenidae,"BOLD,FE,DTN",61,169,5,,,216717,1159844.0,606179.0,396870.0
Andrena oviventris,Arthropoda,Insecta,Hymenoptera,Andrenidae,"BOLD,FE",6,7,0,,,695272,,,
Andrena pallitarsis,Arthropoda,Insecta,Hymenoptera,Andrenidae,"BOLD,FE,DTN",3,7,1,,,250393,,,
Andrena pandellei,Arthropoda,Insecta,Hymenoptera,Andrenidae,"BOLD,FE,iNat,DTN",8,39,2,,,250394,,,
Andrena pandosa,Arthropoda,Insecta,Hymenoptera,Andrenidae,"BOLD,FE",6,14,1,,,695277,,,
Andrena panurgina,Arthropoda,Insecta,Hymenoptera,Andrenidae,"BOLD,FE",2,4,0,ITIS,,695281,,,
Andrena pastellensis,Arthropoda,Insecta,Hymenoptera,Andrenidae,BOLD,1,1,1,,,590708,,,
Andrena paucisquama,Arthropoda,Insecta,Hymenoptera,Andrenidae,"BOLD,FE,DTN",5,8,2,,,250395,,,
Andrena pilipes,Arthropoda,Insecta,Hymenoptera,Andrenidae,"BOLD,FE,iNat,DTN",54,89,3,,,198495,256599.0,,
Andrena polita,Arthropoda,Insecta,Hymenoptera,Andrenidae,"BOLD,FE,DTN",11,15,1,,,250396,,,
Andrena potentillae,Arthropoda,Insecta,Hymenoptera,Andrenidae,"BOLD,FE,iNat,DTN",12,12,1,,,250397,,,
Andrena praecox,Arthropoda,Insecta,Hymenoptera,Andrenidae,"BOLD,FE,iNat,DTN",25,53,2,,,216718,,,
Andrena proxima,Arthropoda,Insecta,Hymenoptera,Andrenidae,BOLD,26,111,2,BEL,,710276,,,
Andrena pruinosa,Arthropoda,Insecta,Hymenoptera,Andrenidae,"BOLD,FE,DTN",11,14,2,,,695319,1156705.0,250364.0,
Andrena pusilla,Arthropoda,Insecta,Hymenoptera,Andrenidae,"BOLD,FE,DTN",51,61,1,,,265299,,,
Andrena ranunculi,Arthropoda,Insecta,Hymenoptera,Andrenidae,"BOLD,FE",10,10,0,,,695344,,,
Andrena relata,Arthropoda,Insecta,Hymenoptera,Andrenidae,"BOLD,FE",3,3,0,,,695347,,,
Andrena reperta,Arthropoda,Insecta,Hymenoptera,Andrenidae,"BOLD,FE",2,2,0,,,695348,,,
Andrena rhenana,Arthropoda,Insecta,Hymenoptera,Andrenidae,"BOLD,FE,DTN",26,30,1,,,250398,,,
Andrena rhyssonota,Arthropoda,Insecta,Hymenoptera,Andrenidae,"BOLD,FE",3,4,0,,,260636,,,
Andrena rogenhoferi,Arthropoda,Insecta,Hymenoptera,Andrenidae,"BOLD,FE,iNat,DTN",3,5,1,,,250399,,,
Andrena rosae,Arthropoda,Insecta,Hymenoptera,Andrenidae,"BOLD,FE,DTN",7,25,1,ITIS,,250400,590707.0,250372.0,
Andrena ruficrus,Arthropoda,Insecta,Hymenoptera,Andrenidae,"BOLD,FE,DTN",6,21,1,,,214079,,,
Andrena rufizona,Arthropoda,Insecta,Hymenoptera,Andrenidae,"BOLD,FE,DTN",0,10,0,,gap,197342,,,
Andrena rufula,Arthropoda,Insecta,Hymenoptera,Andrenidae,"BOLD,FE",6,6,1,,,501980,,,
Andrena rugulosa,Arthropoda,Insecta,Hymenoptera,Andrenidae,"BOLD,FE,DTN",2,6,0,,,265300,,,
Andrena sardoa,Arthropoda,Insecta,Hymenoptera,Andrenidae,"BOLD,FE",2,6,0,,,695380,,,
Andrena savignyi,Arthropoda,Insecta,Hymenoptera,Andrenidae,"BOLD,FE",11,26,0,ITIS,,344577,191427.0,,
Andrena saxonica,Arthropoda,Insecta,Hymenoptera,Andrenidae,"BOLD,FE,DTN",4,13,0,,,542499,,,
Andrena schencki,Arthropoda,Insecta,Hymenoptera,Andrenidae,"BOLD,FE,DTN",3,14,1,,,250401,,,
Andrena scita,Arthropoda,Insecta,Hymenoptera,Andrenidae,"BOLD,FE",0,2,0,,gap,252964,,,
Andrena scotica,Arthropoda,Insecta,Hymenoptera,Andrenidae,"BOLD,iNat,DTN",17,21,1,,,386880,,,
Andrena semilaevis,Arthropoda,Insecta,Hymenoptera,Andrenidae,"BOLD,FE,DTN",21,37,1,,,214080,,,
Andrena senecionis,Arthropoda,Insecta,Hymenoptera,Andrenidae,"BOLD,FE",11,11,0,,,695403,,,
Andrena sericata,Arthropoda,Insecta,Hymenoptera,Andrenidae,"BOLD,FE,DTN",3,7,1,,,250402,,,
Andrena setosifemoralis,Arthropoda,Insecta,Hymenoptera,Andrenidae,"BOLD,FE,DTN",8,12,2,,,198488,,,
Andrena similis,Arthropoda,Insecta,Hymenoptera,Andrenidae,"BOLD,FE,DTN",20,36,3,,,386878,,,
Andrena simontornyella,Arthropoda,Insecta,Hymenoptera,Andrenidae,"BOLD,FE",13,17,1,,,501998,,,
Andrena solenopalpa,Arthropoda,Insecta,Hymenoptera,Andrenidae,"BOLD,FE",3,4,0,,,695423,694946.0,,
Andrena soror,Arthropoda,Insecta,Hymenoptera,Andrenidae,"BOLD,FE",0,1,0,,gap,695428,,,
Andrena spinigera,Arthropoda,Insecta,Hymenoptera,Andrenidae,BOLD,10,10,1,,,501999,,,
Andrena spreta,Arthropoda,Insecta,Hymenoptera,Andrenidae,"BOLD,FE",33,37,1,,,695435,,,
Andrena strohmella,Arthropoda,Insecta,Hymenoptera,Andrenidae,"BOLD,FE,DTN",5,42,0,,,256554,,,
Andrena subopaca,Arthropoda,Insecta,Hymenoptera,Andrenidae,"BOLD,FE,DTN",53,78,3,,,214075,,,
Andrena suerinensis,Arthropoda,Insecta,Hymenoptera,Andrenidae,"BOLD,FE,DTN",4,12,0,,,250403,,,
Andrena susterai,Arthropoda,Insecta,Hymenoptera,Andrenidae,"BOLD,FE",3,6,1,,,327874,,,
Andrena symphyti,Arthropoda,Insecta,Hymenoptera,Andrenidae,"BOLD,FE,DTN",5,10,3,,,265302,,,
Andrena synadelpha,Arthropoda,Insecta,Hymenoptera,Andrenidae,"BOLD,FE,DTN",11,17,1,,,250404,,,
Andrena taraxaci,Arthropoda,Insecta,Hymenoptera,Andrenidae,"BOLD,FE,DTN",4,16,1,,,250405,,,
Andrena tarsata,Arthropoda,Insecta,Hymenoptera,Andrenidae,"BOLD,FE,DTN",12,38,1,,,250406,,,
Andrena tenuistriata,Arthropoda,Insecta,Hymenoptera,Andrenidae,"BOLD,FE",9,18,0,,,695478,,,
Andrena thoracica,Arthropoda,Insecta,Hymenoptera,Andrenidae,"BOLD,FE,DTN",14,41,3,,,250407,,,
Andrena tibialis,Arthropoda,Insecta,Hymenoptera,Andrenidae,"BOLD,FE,DTN",20,52,2,ITIS,,214082,694970.0,,
Andrena trimmerana,Arthropoda,Insecta,Hymenoptera,Andrenidae,"BOLD,FE,DTN",27,41,1,,,519815,,,
Andrena truncatilabris,Arthropoda,Insecta,Hymenoptera,Andrenidae,"BOLD,FE",12,20,1,,,695509,,,
Andrena tscheki,Arthropoda,Insecta,Hymenoptera,Andrenidae,"BOLD,FE,DTN",7,12,2,,,250408,,,
Andrena urdula,Arthropoda,Insecta,Hymenoptera,Andrenidae,"BOLD,FE",1,2,0,,,695520,,,
Andrena vacella,Arthropoda,Insecta,Hymenoptera,Andrenidae,"BOLD,FE",0,1,0,,gap,695521,,,
Andrena vaga,Arthropoda,Insecta,Hymenoptera,Andrenidae,"BOLD,FE,iNat,DTN",49,57,1,,,198502,,,
Andrena variabilis,Arthropoda,Insecta,Hymenoptera,Andrenidae,"BOLD,FE",3,6,0,,,695526,,,
Andrena varians,Arthropoda,Insecta,Hymenoptera,Andrenidae,"BOLD,FE,DTN",2,18,1,,,250409,,,
Andrena vaulogeri,Arthropoda,Insecta,Hymenoptera,Andrenidae,"BOLD,FE",2,3,0,,,695530,,,
Andrena ventralis,Arthropoda,Insecta,Hymenoptera,Andrenidae,"BOLD,FE,iNat,DTN",55,88,2,,,216719,695364.0,,
Andrena ventricosa,Arthropoda,Insecta,Hymenoptera,Andrenidae,"BOLD,FE",12,13,1,,,191426,,,
Andrena verticalis,Arthropoda,Insecta,Hymenoptera,Andrenidae,"BOLD,FE",3,6,0,,,695533,,,
Andrena vetula,Arthropoda,Insecta,Hymenoptera,Andrenidae,"BOLD,FE",7,9,1,,,695534,967890.0,,
Andrena villipes,Arthropoda,Insecta,Hymenoptera,Andrenidae,BOLD,7,7,0,,,695537,,,
Andrena viridescens,Arthropoda,Insecta,Hymenoptera,Andrenidae,"BOLD,FE,iNat,DTN",10,13,1,,,216720,,,
Andrena vulcana,Arthropoda,Insecta,Hymenoptera,Andrenidae,"BOLD,FE",4,14,0,,,695545,,,
Andrena vulpecula,Arthropoda,Insecta,Hymenoptera,Andrenidae,"BOLD,FE",3,6,0,,,695546,,,
Andrena wilkella,Arthropoda,Insecta,Hymenoptera,Andrenidae,"BOLD,FE,iNat,DTN",102,150,4,,,20928,1073943.0,,
Camptopoeum friesei,Arthropoda,Insecta,Hymenoptera,Andrenidae,"BOLD,FE",0,3,0,,gap,501993,,,
Camptopoeum frontale,Arthropoda,Insecta,Hymenoptera,Andrenidae,"BOLD,DTN",0,12,0,,gap,21728,,,
Flavipanurgus flavus,Arthropoda,Insecta,Hymenoptera,Andrenidae,"BOLD,FE",0,2,0,,gap,695638,,,
Flavipanurgus fuzetus,Arthropoda,Insecta,Hymenoptera,Andrenidae,BOLD,0,1,0,,gap,695639,,,
Flavipanurgus granadensis,Arthropoda,Insecta,Hymenoptera,Andrenidae,"BOLD,FE",3,4,0,,,695640,,,
Flavipanurgus ibericus,Arthropoda,Insecta,Hymenoptera,Andrenidae,"BOLD,FE",0,5,1,,gap,695641,,,
Flavipanurgus kastiliensis,Arthropoda,Insecta,Hymenoptera,Andrenidae,BOLD,1,2,0,,,974396,,,
Halopanurgus baldocki,Arthropoda,Insecta,Hymenoptera,Andrenidae,BOLD,1,1,0,,,1137968,,,
Melitturga caudata,Arthropoda,Insecta,Hymenoptera,Andrenidae,"BOLD,FE",1,1,0,,,695633,,,
Melitturga clavicornis,Arthropoda,Insecta,Hymenoptera,Andrenidae,"BOLD,FE,DTN",7,12,1,,,247046,,,
Panurginus albopilosus,Arthropoda,Insecta,Hymenoptera,Andrenidae,"BOLD,FE",3,3,0,ITIS,,695672,,,
Panurginus herzi,Arthropoda,Insecta,Hymenoptera,Andrenidae,"BOLD,FE,DTN",6,13,0,,,599635,,,
Panurginus labiatus,Arthropoda,Insecta,Hymenoptera,Andrenidae,"BOLD,FE,DTN",3,4,0,,,501985,,,
Panurginus montanus,Arthropoda,Insecta,Hymenoptera,Andrenidae,"BOLD,FE,DTN",7,13,1,,,214306,,,
Panurginus romani,Arthropoda,Insecta,Hymenoptera,Andrenidae,"BOLD,FE",7,7,1,,,267002,,,
Panurginus sericatus,Arthropoda,Insecta,Hymenoptera,Andrenidae,BOLD,11,12,1,,,599636,,,
Panurgus banksianus,Arthropoda,Insecta,Hymenoptera,Andrenidae,"BOLD,FE,DTN",13,36,1,,,214307,,,
Panurgus calcaratus,Arthropoda,Insecta,Hymenoptera,Andrenidae,"BOLD,FE,iNat,DTN",59,75,4,,,9249,,,
Panurgus canescens,Arthropoda,Insecta,Hymenoptera,Andrenidae,"BOLD,FE",2,5,0,,,247040,,,
Panurgus dargius,Arthropoda,Insecta,Hymenoptera,Andrenidae,"BOLD,FE",1,2,0,,,695655,,,
Panurgus dentipes,Arthropoda,Insecta,Hymenoptera,Andrenidae,"BOLD,FE,DTN",126,152,1,,,247035,,,
Panurgus perezi,Arthropoda,Insecta,Hymenoptera,Andrenidae,"BOLD,FE",4,5,0,,,247033,,,
Panurgus siculus,Arthropoda,Insecta,Hymenoptera,Andrenidae,"BOLD,FE",2,4,0,,,695659,,,
