species,Phylum,Class,Order,Family,source,speciemens barcoded,speciemens,public BINs,verified by,status,BOLD taxid,Unnamed: 12,Unnamed: 13,Unnamed: 14,Unnamed: 15,Unnamed: 16
Alysson costai,Arthropoda,Insecta,Hymenoptera,Crabronidae,"FE,HySI",,,,,gap,,,,,,
Alysson katkovi,Arthropoda,Insecta,Hymenoptera,Crabronidae,"FE,HySI",,,,,gap,,,,,,
Ammoplanellus nanus,Arthropoda,Insecta,Hymenoptera,Crabronidae,"FE,HySI",,,,,gap,,,,,,
Ammoplanellus rhodesianus,Arthropoda,Insecta,Hymenoptera,Crabronidae,"FE,HySI",,,,,gap,,,,,,
Ammoplanellus simplex,Arthropoda,Insecta,Hymenoptera,Crabronidae,"FE,HySI",,,,,gap,,,,,,
Ammoplanus bischoffi,Arthropoda,Insecta,Hymenoptera,Crabronidae,"FE,HySI",,,,,gap,,,,,,
Ammoplanus blascoi,Arthropoda,Insecta,Hymenoptera,Crabronidae,"FE,HySI",,,,,gap,,,,,,
Ammoplanus ceballosi,Arthropoda,Insecta,Hymenoptera,Crabronidae,"FE,HySI",,,,,gap,,,,,,
Ammoplanus dusmeti,Arthropoda,Insecta,Hymenoptera,Crabronidae,"FE,HySI",,,,,gap,,,,,,
Ammoplanus gengen,Arthropoda,Insecta,Hymenoptera,Crabronidae,FE,,,,,gap,,,,,,
Ammoplanus insularis,Arthropoda,Insecta,Hymenoptera,Crabronidae,"FE,HySI",,,,,gap,,,,,,
Ammoplanus kohlii,Arthropoda,Insecta,Hymenoptera,Crabronidae,"FE,HySI",,,,HySI,gap,,,,,,
Ammoplanus minutus,Arthropoda,Insecta,Hymenoptera,Crabronidae,"FE,HySI",,,,,gap,,,,,,
Ammoplanus rjabovi,Arthropoda,Insecta,Hymenoptera,Crabronidae,"FE,HySI",,,,,gap,,,,,,
Ammoplanus strumae,Arthropoda,Insecta,Hymenoptera,Crabronidae,"FE,HySI",,,,,gap,,,,,,
Ammoplanus torresi,Arthropoda,Insecta,Hymenoptera,Crabronidae,"FE,HySI",,,,,gap,,,,,,
Astata affinis,Arthropoda,Insecta,Hymenoptera,Crabronidae,"FE,HySI",,,,,gap,,,,,,
Astata brevitarsis,Arthropoda,Insecta,Hymenoptera,Crabronidae,"FE,HySI",,,,,gap,,,,,,
Astata cobosi,Arthropoda,Insecta,Hymenoptera,Crabronidae,"FE,HySI",,,,,gap,,,,,,
Astata gallica,Arthropoda,Insecta,Hymenoptera,Crabronidae,"FE,HySI",,,,,gap,,,,,,
Astata jucunda,Arthropoda,Insecta,Hymenoptera,Crabronidae,"FE,HySI",,,,,gap,,,,,,
Astata lusitanica,Arthropoda,Insecta,Hymenoptera,Crabronidae,"FE,HySI",,,,,gap,,,,,,
Astata miegii,Arthropoda,Insecta,Hymenoptera,Crabronidae,"FE,HySI",1.0,2.0,1.0,,,285602.0,,,,,
Astata quettae,Arthropoda,Insecta,Hymenoptera,Crabronidae,"FE,HySI",,,,,gap,,,,,,
Astata sicula,Arthropoda,Insecta,Hymenoptera,Crabronidae,"FE,HySI",,,,HySI,gap,285600.0,,,,,
Belomicrus antennalis,Arthropoda,Insecta,Hymenoptera,Crabronidae,"BOLD,FE,HySI",1.0,1.0,1.0,,,705654.0,,,,,
Belomicrus borealis,Arthropoda,Insecta,Hymenoptera,Crabronidae,"BOLD,FE,HySI",2.0,3.0,0.0,,,643559.0,,,,,
Belomicrus gataensis,Arthropoda,Insecta,Hymenoptera,Crabronidae,"FE,HySI",,,,,gap,,,,,,
Belomicrus italicus,Arthropoda,Insecta,Hymenoptera,Crabronidae,"BOLD,FE,HySI",4.0,5.0,2.0,,,330677.0,,,,,
Belomicrus odontophorus,Arthropoda,Insecta,Hymenoptera,Crabronidae,"FE,HySI",3.0,3.0,1.0,,,675748.0,,,,,
Belomicrus parvulus,Arthropoda,Insecta,Hymenoptera,Crabronidae,"FE,HySI",,,,,gap,,,,,,
Bembecinus carinatus,Arthropoda,Insecta,Hymenoptera,Crabronidae,"FE,HySI",,,,,gap,,,,,,
Bembecinus carpetanus,Arthropoda,Insecta,Hymenoptera,Crabronidae,"FE,HySI",,,,,gap,,,,,,
Bembecinus crassipes,Arthropoda,Insecta,Hymenoptera,Crabronidae,"FE,HySI",,,,,gap,,,,,,
Bembecinus pulchellus,Arthropoda,Insecta,Hymenoptera,Crabronidae,"FE,HySI",,,,,gap,,,,,,
Bembecinus rhodius,Arthropoda,Insecta,Hymenoptera,Crabronidae,"FE,HySI",,,,,gap,,,,,,
Bembix bicolor,Arthropoda,Insecta,Hymenoptera,Crabronidae,"FE,HySI",3.0,3.0,1.0,HySI,,973719.0,,,,,
Bembix cinctella,Arthropoda,Insecta,Hymenoptera,Crabronidae,"FE,HySI",,,,,gap,,,,,,
Bembix geneana,Arthropoda,Insecta,Hymenoptera,Crabronidae,"FE,HySI",,,,,gap,,,,,,
Bembix merceti,Arthropoda,Insecta,Hymenoptera,Crabronidae,"FE,HySI",,,,,gap,,,,,,
Bembix wagleri,Arthropoda,Insecta,Hymenoptera,Crabronidae,"FE,HySI",,,,,gap,,,,,,
Cerceris abdominalis,Arthropoda,Insecta,Hymenoptera,Crabronidae,"FE,HySI",,,,,gap,,,,,,
Cerceris albicolor,Arthropoda,Insecta,Hymenoptera,Crabronidae,"FE,HySI",,,,HySI,gap,705648.0,,,,,
Cerceris amathusia,Arthropoda,Insecta,Hymenoptera,Crabronidae,"FE,HySI",,,,,gap,,,,,,
Cerceris angustirostris,Arthropoda,Insecta,Hymenoptera,Crabronidae,"FE,HySI",,,,,gap,,,,,,
Cerceris bellona,Arthropoda,Insecta,Hymenoptera,Crabronidae,"FE,HySI",,,,,gap,,,,,,
Cerceris boetica,Arthropoda,Insecta,Hymenoptera,Crabronidae,"FE,HySI",,,,,gap,,,,,,
Cerceris bracteata,Arthropoda,Insecta,Hymenoptera,Crabronidae,"FE,HySI",,,,,gap,,,,,,
Cerceris cheskesiana,Arthropoda,Insecta,Hymenoptera,Crabronidae,"FE,HySI",,,,,gap,,,,,,
Cerceris concinna,Arthropoda,Insecta,Hymenoptera,Crabronidae,"FE,HySI",,,,,gap,,,,,,
Cerceris dispar,Arthropoda,Insecta,Hymenoptera,Crabronidae,"FE,HySI",,,,HySI,gap,705648.0,,,,,
Cerceris dusmeti,Arthropoda,Insecta,Hymenoptera,Crabronidae,"FE,HySI",,,,ITIS,gap,,,,,,
Cerceris euryanthe,Arthropoda,Insecta,Hymenoptera,Crabronidae,"FE,HySI",,,,,gap,,,,,,
Cerceris eversmanni,Arthropoda,Insecta,Hymenoptera,Crabronidae,"FE,HySI,DTN",,,,,gap,,,,,,
Cerceris flaviventris,Arthropoda,Insecta,Hymenoptera,Crabronidae,"FE,HySI",,,,,gap,,,,,,
Cerceris fodiens,Arthropoda,Insecta,Hymenoptera,Crabronidae,"FE,HySI",,,,,gap,,,,,,
Cerceris ibericella,Arthropoda,Insecta,Hymenoptera,Crabronidae,"FE,HySI",,,,,gap,,,,,,
Cerceris impercepta,Arthropoda,Insecta,Hymenoptera,Crabronidae,"FE,HySI",,,,HySI,gap,,,,,,
Cerceris maculicrus,Arthropoda,Insecta,Hymenoptera,Crabronidae,"FE,HySI",,,,,gap,,,,,,
Cerceris media,Arthropoda,Insecta,Hymenoptera,Crabronidae,"FE,HySI",,,,HySI,gap,343020.0,,,,,
Cerceris pedetes,Arthropoda,Insecta,Hymenoptera,Crabronidae,"FE,HySI",,,,HySI,gap,,,,,,
Cerceris rossica,Arthropoda,Insecta,Hymenoptera,Crabronidae,"FE,HySI",,,,,gap,,,,,,
Cerceris spinipectus,Arthropoda,Insecta,Hymenoptera,Crabronidae,"FE,HySI",0.0,1.0,0.0,,gap,894187.0,,,,,
Cerceris straminea,Arthropoda,Insecta,Hymenoptera,Crabronidae,"FE,HySI",,,,,gap,,,,,,
Crabro alpinus,Arthropoda,Insecta,Hymenoptera,Crabronidae,"BOLD,FE,HySI,DTN",11.0,11.0,1.0,,,285630.0,,,,,
Crabro cribrarius,Arthropoda,Insecta,Hymenoptera,Crabronidae,"BOLD,FE,iNat,HySI,DTN",16.0,21.0,1.0,HySI,,308657.0,,,,,
Crabro ingricus,Arthropoda,Insecta,Hymenoptera,Crabronidae,"BOLD,FE,HySI,DTN",2.0,2.0,1.0,,,658855.0,,,,,
Crabro korbi,Arthropoda,Insecta,Hymenoptera,Crabronidae,"FE,HySI",,,,,gap,,,,,,
Crabro lapponicus,Arthropoda,Insecta,Hymenoptera,Crabronidae,"BOLD,FE,HySI,DTN",4.0,5.0,1.0,,,500207.0,,,,,
Crabro loewi,Arthropoda,Insecta,Hymenoptera,Crabronidae,"FE,HySI,DTN",,,,,gap,,,,,,
Crabro maeklini,Arthropoda,Insecta,Hymenoptera,Crabronidae,"BOLD,FE,HySI",12.0,12.0,1.0,,,643560.0,,,,,
Crabro malyshevi,Arthropoda,Insecta,Hymenoptera,Crabronidae,"FE,HySI",,,,,gap,,,,,,
Crabro occultus,Arthropoda,Insecta,Hymenoptera,Crabronidae,"FE,HySI",,,,,gap,,,,,,
Crabro peltarius,Arthropoda,Insecta,Hymenoptera,Crabronidae,"BOLD,FE,iNat,HySI,DTN",16.0,20.0,1.0,,,308662.0,,,,,
Crabro peltatus,Arthropoda,Insecta,Hymenoptera,Crabronidae,"BOLD,FE,HySI,DTN",8.0,9.0,1.0,,,285631.0,,,,,
Crabro pugillator,Arthropoda,Insecta,Hymenoptera,Crabronidae,"FE,HySI",,,,,gap,,,,,,
Crossocerus acanthophorus,Arthropoda,Insecta,Hymenoptera,Crabronidae,"BOLD,FE,HySI,DTN",4.0,9.0,1.0,,,285633.0,,,,,
Crossocerus adhaesus,Arthropoda,Insecta,Hymenoptera,Crabronidae,"FE,HySI",,,,,gap,,,,,,
Crossocerus annulipes,Arthropoda,Insecta,Hymenoptera,Crabronidae,"BOLD,FE,HySI,DTN",58.0,64.0,1.0,,,192981.0,,,,,
Crossocerus assimilis,Arthropoda,Insecta,Hymenoptera,Crabronidae,"BOLD,FE,HySI,DTN",22.0,23.0,1.0,,,308635.0,,,,,
Crossocerus barbipes,Arthropoda,Insecta,Hymenoptera,Crabronidae,"BOLD,FE,HySI,DTN",21.0,27.0,3.0,,,308634.0,,,,,
Crossocerus binotatus,Arthropoda,Insecta,Hymenoptera,Crabronidae,"BOLD,FE,HySI,DTN",6.0,10.0,1.0,,,308633.0,,,,,
Crossocerus cetratus,Arthropoda,Insecta,Hymenoptera,Crabronidae,"BOLD,FE,HySI,DTN",32.0,36.0,1.0,,,285636.0,,,,,
Crossocerus cinxius,Arthropoda,Insecta,Hymenoptera,Crabronidae,"BOLD,FE,HySI,DTN",13.0,16.0,2.0,HySI,,474161.0,386876.0,,,,
Crossocerus denticoxa,Arthropoda,Insecta,Hymenoptera,Crabronidae,"FE,HySI,DTN",,,,,gap,,,,,,
Crossocerus denticrus,Arthropoda,Insecta,Hymenoptera,Crabronidae,"FE,HySI,DTN",,,,HySI,gap,,,,,,
Crossocerus dimidiatus,Arthropoda,Insecta,Hymenoptera,Crabronidae,"BOLD,FE,iNat,HySI,DTN",4.0,8.0,1.0,,,311867.0,,,,,
Crossocerus distinguendus,Arthropoda,Insecta,Hymenoptera,Crabronidae,"BOLD,FE,HySI,DTN",26.0,27.0,1.0,,,285638.0,,,,,
Crossocerus elongates,Arthropoda,Insecta,Hymenoptera,Crabronidae,BOLD,0.0,1.0,0.0,,gap,500195.0,,,,,
Crossocerus elongatulus,Arthropoda,Insecta,Hymenoptera,Crabronidae,"BOLD,FE,HySI,DTN",31.0,34.0,2.0,HySI,,192984.0,,,,,
Crossocerus exiguus,Arthropoda,Insecta,Hymenoptera,Crabronidae,"BOLD,FE,HySI,DTN",39.0,41.0,1.0,,,308636.0,,,,,
Crossocerus fukuiensis,Arthropoda,Insecta,Hymenoptera,Crabronidae,"BOLD,FE,HySI,DTN",14.0,15.0,1.0,HySI,,308637.0,,,,,
Crossocerus guichardi,Arthropoda,Insecta,Hymenoptera,Crabronidae,"FE,HySI",,,,,gap,,,,,,
Crossocerus heydeni,Arthropoda,Insecta,Hymenoptera,Crabronidae,"BOLD,FE,HySI,DTN",8.0,9.0,1.0,HySI,,308639.0,,,,,
Crossocerus italicus,Arthropoda,Insecta,Hymenoptera,Crabronidae,"BOLD,FE,HySI",2.0,2.0,1.0,,,502010.0,,,,,
Crossocerus lentus,Arthropoda,Insecta,Hymenoptera,Crabronidae,"BOLD,FE,iNat,HySI,DTN",18.0,24.0,1.0,HySI,,192972.0,285632.0,,,,
Crossocerus lindbergi,Arthropoda,Insecta,Hymenoptera,Crabronidae,"BOLD,FE,HySI",2.0,4.0,1.0,,,502009.0,,,,,
Crossocerus lundbladi,Arthropoda,Insecta,Hymenoptera,Crabronidae,"BOLD,FE,HySI",7.0,7.0,1.0,,,643119.0,,,,,
Crossocerus magniceps,Arthropoda,Insecta,Hymenoptera,Crabronidae,"BOLD,FE,HySI,DTN",25.0,31.0,1.0,HySI,,285640.0,,,,,
Crossocerus megacephalus,Arthropoda,Insecta,Hymenoptera,Crabronidae,"BOLD,FE,HySI,DTN",20.0,31.0,2.0,HySI,,285640.0,198494.0,,,,
Crossocerus nigritus,Arthropoda,Insecta,Hymenoptera,Crabronidae,"BOLD,FE,HySI,DTN",20.0,22.0,2.0,,,308638.0,,,,,
Crossocerus ovalis,Arthropoda,Insecta,Hymenoptera,Crabronidae,"BOLD,FE,HySI,DTN",21.0,27.0,1.0,,,285642.0,,,,,
Crossocerus podagricus,Arthropoda,Insecta,Hymenoptera,Crabronidae,"BOLD,FE,HySI,DTN",47.0,48.0,1.0,,,198531.0,,,,,
Crossocerus pullulus,Arthropoda,Insecta,Hymenoptera,Crabronidae,"BOLD,FE,HySI,DTN",2.0,3.0,1.0,,,768323.0,,,,,
Crossocerus pullus,Arthropoda,Insecta,Hymenoptera,Crabronidae,BOLD,0.0,1.0,0.0,,gap,500206.0,,,,,
Crossocerus quadrimaculatus,Arthropoda,Insecta,Hymenoptera,Crabronidae,"BOLD,FE,HySI,DTN",29.0,33.0,3.0,,,285644.0,,,,,
Crossocerus styrius,Arthropoda,Insecta,Hymenoptera,Crabronidae,"BOLD,FE,HySI,DTN",9.0,9.0,1.0,,,308640.0,,,,,
Crossocerus suzukii,Arthropoda,Insecta,Hymenoptera,Crabronidae,"BOLD,FE,HySI",8.0,8.0,1.0,HySI,,511954.0,,,,,
Crossocerus tarsatus,Arthropoda,Insecta,Hymenoptera,Crabronidae,"BOLD,FE,HySI,DTN",24.0,31.0,2.0,HySI,,508860.0,308641.0,,,,
Crossocerus toledensis,Arthropoda,Insecta,Hymenoptera,Crabronidae,"FE,HySI",,,,,gap,,,,,,
Crossocerus vagabundus,Arthropoda,Insecta,Hymenoptera,Crabronidae,"BOLD,FE,HySI,DTN",26.0,28.0,1.0,,,308644.0,,,,,
Crossocerus varus,Arthropoda,Insecta,Hymenoptera,Crabronidae,"BOLD,FE,HySI,DTN",34.0,39.0,2.0,ITIS,,285647.0,,,,,
Crossocerus walkeri,Arthropoda,Insecta,Hymenoptera,Crabronidae,"BOLD,FE,HySI,DTN",10.0,10.0,1.0,,,308643.0,,,,,
Crossocerus wesmaeli,Arthropoda,Insecta,Hymenoptera,Crabronidae,"BOLD,FE,HySI,DTN",15.0,17.0,2.0,,,308642.0,,,,,
Dasyproctus fortunatus,Arthropoda,Insecta,Hymenoptera,Crabronidae,"FE,HySI",,,,,gap,,,,,,
Didineis clavimana,Arthropoda,Insecta,Hymenoptera,Crabronidae,"FE,HySI",,,,,gap,,,,,,
Didineis hispanica,Arthropoda,Insecta,Hymenoptera,Crabronidae,"FE,HySI",,,,,gap,,,,,,
Didineis pannonica,Arthropoda,Insecta,Hymenoptera,Crabronidae,"FE,HySI",,,,,gap,,,,,,
Didineis wuestneii,Arthropoda,Insecta,Hymenoptera,Crabronidae,"FE,HySI",,,,BEL,gap,,,,,,
Dinetus pictus,Arthropoda,Insecta,Hymenoptera,Crabronidae,"BOLD,FE,iNat,HySI,DTN",25.0,29.0,2.0,HySI,,285651.0,,,,,
Diodontus bejarensis,Arthropoda,Insecta,Hymenoptera,Crabronidae,"FE,HySI",,,,,gap,,,,,,
Diodontus crassicornis,Arthropoda,Insecta,Hymenoptera,Crabronidae,"FE,HySI",,,,,gap,,,,,,
Diodontus freyi,Arthropoda,Insecta,Hymenoptera,Crabronidae,"FE,HySI",,,,,gap,,,,,,
Dryudella aquitana,Arthropoda,Insecta,Hymenoptera,Crabronidae,"FE,HySI",,,,,gap,,,,,,
Dryudella bifasciata,Arthropoda,Insecta,Hymenoptera,Crabronidae,"FE,HySI",2.0,3.0,1.0,,,544970.0,,,,,
Dryudella erythrosoma,Arthropoda,Insecta,Hymenoptera,Crabronidae,"FE,HySI",,,,,gap,,,,,,
Dryudella freygessneri,Arthropoda,Insecta,Hymenoptera,Crabronidae,"FE,HySI,DTN",,,,,gap,,,,,,
Dryudella monticola,Arthropoda,Insecta,Hymenoptera,Crabronidae,"FE,HySI",,,,,gap,,,,,,
Dryudella sepulchralis,Arthropoda,Insecta,Hymenoptera,Crabronidae,"FE,HySI",,,,,gap,,,,,,
Ectemnius arcuatus,Arthropoda,Insecta,Hymenoptera,Crabronidae,"BOLD,FE,HySI,DTN",40.0,42.0,3.0,HySI,,314630.0,,,,,
Ectemnius borealis,Arthropoda,Insecta,Hymenoptera,Crabronidae,"BOLD,FE,HySI,DTN",43.0,48.0,4.0,,,193056.0,,,,,
Ectemnius cavifrons,Arthropoda,Insecta,Hymenoptera,Crabronidae,"BOLD,FE,HySI,DTN",24.0,27.0,1.0,,,308664.0,,,,,
Ectemnius cephalotes,Arthropoda,Insecta,Hymenoptera,Crabronidae,"BOLD,FE,iNat,HySI,DTN",77.0,89.0,1.0,,,91134.0,,,,,
Ectemnius confinis,Arthropoda,Insecta,Hymenoptera,Crabronidae,"BOLD,FE,HySI,DTN",7.0,11.0,1.0,,,308663.0,,,,,
Ectemnius continuus,Arthropoda,Insecta,Hymenoptera,Crabronidae,"BOLD,FE,iNat,HySI,DTN",54.0,91.0,2.0,,,70455.0,,,,,
Ectemnius crassicornis,Arthropoda,Insecta,Hymenoptera,Crabronidae,"BOLD,FE,HySI",4.0,6.0,2.0,,,285663.0,,,,,
Ectemnius curictensis,Arthropoda,Insecta,Hymenoptera,Crabronidae,"FE,HySI",,,,,gap,,,,,,
Ectemnius dives,Arthropoda,Insecta,Hymenoptera,Crabronidae,"BOLD,FE,HySI,DTN",21.0,25.0,1.0,HySI,,193038.0,,,,,
Ectemnius fossorius,Arthropoda,Insecta,Hymenoptera,Crabronidae,"BOLD,FE,HySI,DTN",8.0,14.0,2.0,HySI,,311868.0,,,,,
Ectemnius guttatus,Arthropoda,Insecta,Hymenoptera,Crabronidae,"BOLD,FE,HySI,DTN",9.0,12.0,1.0,,,308665.0,,,,,
Ectemnius hispanicus,Arthropoda,Insecta,Hymenoptera,Crabronidae,"FE,HySI",,,,,gap,,,,,,
Ectemnius hypsae,Arthropoda,Insecta,Hymenoptera,Crabronidae,"BOLD,FE,HySI",2.0,2.0,0.0,,,852610.0,,,,,
Ectemnius kriechbaumeri,Arthropoda,Insecta,Hymenoptera,Crabronidae,"BOLD,FE,HySI",6.0,7.0,1.0,,,407784.0,,,,,
Ectemnius lapidarius,Arthropoda,Insecta,Hymenoptera,Crabronidae,"BOLD,FE,iNat,HySI,DTN",55.0,58.0,3.0,,,78282.0,,,,,
Ectemnius lituratus,Arthropoda,Insecta,Hymenoptera,Crabronidae,"BOLD,FE,iNat,HySI,DTN",17.0,25.0,2.0,,,285665.0,,,,,
Ectemnius massiliensis,Arthropoda,Insecta,Hymenoptera,Crabronidae,"FE,HySI",,,,,gap,,,,,,
Ectemnius meridionalis,Arthropoda,Insecta,Hymenoptera,Crabronidae,"BOLD,FE,HySI",4.0,5.0,1.0,,,285666.0,,,,,
Ectemnius palamosi,Arthropoda,Insecta,Hymenoptera,Crabronidae,"FE,HySI",,,,,gap,,,,,,
Ectemnius radiatus,Arthropoda,Insecta,Hymenoptera,Crabronidae,"BOLD,FE,HySI,DTN",6.0,6.0,1.0,HySI,,314631.0,,,,,
Ectemnius rubicola,Arthropoda,Insecta,Hymenoptera,Crabronidae,"BOLD,FE,HySI,DTN",20.0,27.0,1.0,,,314667.0,,,,,
Ectemnius rugifer,Arthropoda,Insecta,Hymenoptera,Crabronidae,"BOLD,FE,HySI,DTN",0.0,2.0,0.0,,gap,285668.0,,,,,
Ectemnius schlettereri,Arthropoda,Insecta,Hymenoptera,Crabronidae,"FE,HySI",,,,,gap,,,,,,
Ectemnius sexcinctus,Arthropoda,Insecta,Hymenoptera,Crabronidae,"BOLD,FE,iNat,HySI,DTN",16.0,17.0,1.0,,,285669.0,,,,,
Ectemnius spinipes,Arthropoda,Insecta,Hymenoptera,Crabronidae,"FE,HySI,DTN",,,,,gap,,,,,,
Ectemnius walteri,Arthropoda,Insecta,Hymenoptera,Crabronidae,"FE,HySI",,,,,gap,,,,,,
Encopognathus braunsi,Arthropoda,Insecta,Hymenoptera,Crabronidae,"FE,HySI",,,,,gap,,,,,,
Entomognathus brevis,Arthropoda,Insecta,Hymenoptera,Crabronidae,"BOLD,FE,HySI,DTN",51.0,55.0,1.0,,,285671.0,,,,,
Entomognathus dentifer,Arthropoda,Insecta,Hymenoptera,Crabronidae,"FE,HySI",,,,,gap,,,,,,
Entomognathus fortuitus,Arthropoda,Insecta,Hymenoptera,Crabronidae,"FE,HySI",,,,,gap,,,,,,
Entomognathus libanonis,Arthropoda,Insecta,Hymenoptera,Crabronidae,"FE,HySI",,,,,gap,,,,,,
Entomognathus schmiedeknechti,Arthropoda,Insecta,Hymenoptera,Crabronidae,"FE,HySI",,,,,gap,,,,,,
Entomosericus kaufmanni,Arthropoda,Insecta,Hymenoptera,Crabronidae,FE,,,,,gap,,,,,,
Gastrosericus waltlii,Arthropoda,Insecta,Hymenoptera,Crabronidae,"BOLD,FE,HySI",3.0,7.0,2.0,HySI,,562034.0,,,,,
Gorytes africanus,Arthropoda,Insecta,Hymenoptera,Crabronidae,"FE,HySI",5.0,5.0,1.0,,,720311.0,,,,,
Gorytes foveolatus,Arthropoda,Insecta,Hymenoptera,Crabronidae,"FE,HySI",,,,,gap,,,,,,
Gorytes kohlii,Arthropoda,Insecta,Hymenoptera,Crabronidae,"FE,HySI",,,,,gap,,,,,,
Gorytes nigrifacies,Arthropoda,Insecta,Hymenoptera,Crabronidae,"FE,HySI",,,,,gap,,,,,,
Gorytes pleuripunctatus,Arthropoda,Insecta,Hymenoptera,Crabronidae,"FE,HySI,DTN",,,,,gap,,,,,,
Gorytes schmiedeknechti,Arthropoda,Insecta,Hymenoptera,Crabronidae,"FE,HySI",,,,,gap,,,,,,
Harpactus alvaroi,Arthropoda,Insecta,Hymenoptera,Crabronidae,"FE,HySI",,,,,gap,,,,,,
Harpactus croaticus,Arthropoda,Insecta,Hymenoptera,Crabronidae,"FE,HySI",,,,,gap,,,,,,
Harpactus immaculatus,Arthropoda,Insecta,Hymenoptera,Crabronidae,"FE,HySI",0.0,1.0,0.0,HySI,gap,330509.0,,,,,
Harpactus schwarzi,Arthropoda,Insecta,Hymenoptera,Crabronidae,"FE,HySI",,,,,gap,,,,,,
Holotachysphex holognathus,Arthropoda,Insecta,Hymenoptera,Crabronidae,"FE,HySI",1.0,2.0,1.0,,,891661.0,,,,,
Holotachysphex mochii,Arthropoda,Insecta,Hymenoptera,Crabronidae,"FE,HySI",,,,,gap,,,,,,
Hoplisoides craverii,Arthropoda,Insecta,Hymenoptera,Crabronidae,"FE,HySI",,,,,gap,,,,,,
Hoplisoides latifrons,Arthropoda,Insecta,Hymenoptera,Crabronidae,"FE,HySI",,,,,gap,,,,,,
Larra anathema,Arthropoda,Insecta,Hymenoptera,Crabronidae,"BOLD,FE,HySI,DTN",4.0,6.0,1.0,,,285677.0,,,,,
Larropsis asiatica,Arthropoda,Insecta,Hymenoptera,Crabronidae,"FE,HySI",,,,,gap,,,,,,
Larropsis europaeae,Arthropoda,Insecta,Hymenoptera,Crabronidae,FE,,,,,gap,,,,,,
Larropsis punctulata,Arthropoda,Insecta,Hymenoptera,Crabronidae,"FE,HySI",,,,,gap,,,,,,
Lestica alata,Arthropoda,Insecta,Hymenoptera,Crabronidae,"BOLD,FE,iNat,HySI,DTN",14.0,14.0,1.0,HySI,,308659.0,,,,,
Lestica clypeata,Arthropoda,Insecta,Hymenoptera,Crabronidae,"BOLD,FE,iNat,HySI,DTN",48.0,53.0,3.0,,,285679.0,,,,,
Lestica pluschtschevskyi,Arthropoda,Insecta,Hymenoptera,Crabronidae,"FE,HySI",,,,,gap,,,,,,
Lestica subterranea,Arthropoda,Insecta,Hymenoptera,Crabronidae,"BOLD,FE,HySI,DTN",7.0,11.0,1.0,,,308658.0,,,,,
Lestiphorus bilunulatus,Arthropoda,Insecta,Hymenoptera,Crabronidae,"FE,HySI,DTN",,,,,gap,,,,,,
Lindenius abditus,Arthropoda,Insecta,Hymenoptera,Crabronidae,"FE,HySI",,,,,gap,,,,,,
Lindenius aegyptius,Arthropoda,Insecta,Hymenoptera,Crabronidae,"FE,HySI",1.0,4.0,1.0,,,720161.0,,,,,
Lindenius albilabris,Arthropoda,Insecta,Hymenoptera,Crabronidae,"BOLD,FE,iNat,HySI,DTN",40.0,42.0,2.0,,,314636.0,,,,,
Lindenius cabrerae,Arthropoda,Insecta,Hymenoptera,Crabronidae,"FE,HySI",,,,,gap,,,,,,
Lindenius ceballosi,Arthropoda,Insecta,Hymenoptera,Crabronidae,"FE,HySI",,,,,gap,,,,,,
Lindenius effrenus,Arthropoda,Insecta,Hymenoptera,Crabronidae,"FE,HySI",,,,,gap,,,,,,
Lindenius hamilcar,Arthropoda,Insecta,Hymenoptera,Crabronidae,"FE,HySI",3.0,3.0,1.0,HySI,,736537.0,,,,,
Lindenius hannibal,Arthropoda,Insecta,Hymenoptera,Crabronidae,"FE,HySI",,,,,gap,,,,,,
Lindenius hasdrubal,Arthropoda,Insecta,Hymenoptera,Crabronidae,"FE,HySI",,,,,gap,,,,,,
Lindenius helleri,Arthropoda,Insecta,Hymenoptera,Crabronidae,"FE,HySI",,,,,gap,,,,,,
Lindenius ibericus,Arthropoda,Insecta,Hymenoptera,Crabronidae,"FE,HySI",,,,HySI,gap,,,,,,
Lindenius ibex,Arthropoda,Insecta,Hymenoptera,Crabronidae,"FE,HySI",,,,,gap,,,,,,
Lindenius laevis,Arthropoda,Insecta,Hymenoptera,Crabronidae,"BOLD,FE,HySI",47.0,49.0,2.0,,,285682.0,,,,,
Lindenius luteiventris,Arthropoda,Insecta,Hymenoptera,Crabronidae,"FE,HySI",,,,,gap,,,,,,
Lindenius major,Arthropoda,Insecta,Hymenoptera,Crabronidae,"FE,HySI",,,,,gap,,,,,,
Lindenius melinopus,Arthropoda,Insecta,Hymenoptera,Crabronidae,"BOLD,FE,HySI",3.0,4.0,1.0,,,327865.0,,,,,
Lindenius merceti,Arthropoda,Insecta,Hymenoptera,Crabronidae,"FE,HySI",,,,,gap,,,,,,
Lindenius mesopleuralis,Arthropoda,Insecta,Hymenoptera,Crabronidae,"BOLD,FE,HySI",0.0,1.0,1.0,,gap,740804.0,,,,,
Lindenius panzeri,Arthropoda,Insecta,Hymenoptera,Crabronidae,"BOLD,FE,HySI,DTN",12.0,15.0,1.0,HySI,,314634.0,,,,,
Lindenius parkanensis,Arthropoda,Insecta,Hymenoptera,Crabronidae,"BOLD,FE,HySI",1.0,1.0,1.0,,,705655.0,,,,,
Lindenius peninsularis,Arthropoda,Insecta,Hymenoptera,Crabronidae,"FE,HySI",,,,,gap,,,,,,
Lindenius pygmaeus,Arthropoda,Insecta,Hymenoptera,Crabronidae,"BOLD,FE,HySI,DTN",14.0,19.0,1.0,HySI,,314635.0,,,,,
Lindenius sierrae,Arthropoda,Insecta,Hymenoptera,Crabronidae,"FE,HySI",,,,,gap,,,,,,
Lindenius subaeneus,Arthropoda,Insecta,Hymenoptera,Crabronidae,"BOLD,FE,HySI,DTN",7.0,8.0,1.0,,,314633.0,,,,,
Liris agilis,Arthropoda,Insecta,Hymenoptera,Crabronidae,FE,3.0,5.0,2.0,,,576741.0,,,,,
Liris atratus,Arthropoda,Insecta,Hymenoptera,Crabronidae,"BOLD,FE",2.0,4.0,1.0,,,576742.0,,,,,
Liris festinans,Arthropoda,Insecta,Hymenoptera,Crabronidae,FE,35.0,39.0,1.0,,,748794.0,,,,,
Liris haemorrhoidalis,Arthropoda,Insecta,Hymenoptera,Crabronidae,"FE,HySI",9.0,12.0,1.0,,,576744.0,,,,,
Liris inopinatus,Arthropoda,Insecta,Hymenoptera,Crabronidae,"FE,HySI",,,,,gap,,,,,,
Liris niger,Arthropoda,Insecta,Hymenoptera,Crabronidae,"BOLD,FE,HySI",12.0,18.0,2.0,,,327852.0,,,,,
Liris nigricans,Arthropoda,Insecta,Hymenoptera,Crabronidae,FE,5.0,7.0,1.0,,,576747.0,,,,,
Liris opalipennis,Arthropoda,Insecta,Hymenoptera,Crabronidae,FE,1.0,3.0,1.0,,,576748.0,,,,,
Mimesa caucasica,Arthropoda,Insecta,Hymenoptera,Crabronidae,"FE,HySI",,,,,gap,,,,,,
Mimesa gussakowskiji,Arthropoda,Insecta,Hymenoptera,Crabronidae,FE,,,,,gap,,,,,,
Mimesa nigrita,Arthropoda,Insecta,Hymenoptera,Crabronidae,"FE,HySI",,,,HySI,gap,,,,,,
Mimesa sublaevis,Arthropoda,Insecta,Hymenoptera,Crabronidae,"FE,HySI",,,,,gap,,,,,,
Mimesa tenuis,Arthropoda,Insecta,Hymenoptera,Crabronidae,"FE,HySI",,,,,gap,,,,,,
Mimumesa sibiricina,Arthropoda,Insecta,Hymenoptera,Crabronidae,"FE,DTN",,,,,gap,,,,,,
Mimumesa wuestneii,Arthropoda,Insecta,Hymenoptera,Crabronidae,"FE,HySI",,,,,gap,,,,,,
Miscophus absconditus,Arthropoda,Insecta,Hymenoptera,Crabronidae,"FE,HySI",,,,,gap,,,,,,
Miscophus akrofisianus,Arthropoda,Insecta,Hymenoptera,Crabronidae,"FE,HySI",,,,,gap,,,,,,
Miscophus albomaculatus,Arthropoda,Insecta,Hymenoptera,Crabronidae,"FE,HySI",,,,,gap,,,,,,
Miscophus albufeirae,Arthropoda,Insecta,Hymenoptera,Crabronidae,"BOLD,FE,HySI",1.0,1.0,1.0,,,768250.0,,,,,
Miscophus andradei,Arthropoda,Insecta,Hymenoptera,Crabronidae,"FE,HySI",,,,,gap,,,,,,
Miscophus ater,Arthropoda,Insecta,Hymenoptera,Crabronidae,"BOLD,FE,HySI,DTN",55.0,69.0,7.0,HySI,,330483.0,349404.0,386874.0,,,
Miscophus belveriensis,Arthropoda,Insecta,Hymenoptera,Crabronidae,"FE,HySI",,,,,gap,,,,,,
Miscophus benidormicus,Arthropoda,Insecta,Hymenoptera,Crabronidae,"FE,HySI",,,,,gap,,,,,,
Miscophus berlandi,Arthropoda,Insecta,Hymenoptera,Crabronidae,"FE,HySI",,,,,gap,,,,,,
Miscophus canariensis,Arthropoda,Insecta,Hymenoptera,Crabronidae,"FE,HySI",,,,,gap,,,,,,
Miscophus caninus,Arthropoda,Insecta,Hymenoptera,Crabronidae,"FE,HySI",,,,,gap,,,,,,
Miscophus cappadocica,Arthropoda,Insecta,Hymenoptera,Crabronidae,BOLD,2.0,2.0,1.0,,,768256.0,,,,,
Miscophus concolor,Arthropoda,Insecta,Hymenoptera,Crabronidae,"BOLD,FE,HySI,DTN",8.0,14.0,1.0,HySI,,474162.0,349405.0,,,,
Miscophus corsicus,Arthropoda,Insecta,Hymenoptera,Crabronidae,"FE,HySI",,,,,gap,,,,,,
Miscophus gineri,Arthropoda,Insecta,Hymenoptera,Crabronidae,"FE,HySI",,,,,gap,,,,,,
Miscophus guichardi,Arthropoda,Insecta,Hymenoptera,Crabronidae,"FE,HySI",,,,,gap,,,,,,
Miscophus helveticus,Arthropoda,Insecta,Hymenoptera,Crabronidae,"BOLD,FE,HySI",13.0,16.0,6.0,HySI,,675739.0,,,,,
Miscophus histrionicus,Arthropoda,Insecta,Hymenoptera,Crabronidae,"FE,HySI",,,,,gap,,,,,,
Miscophus insolitus,Arthropoda,Insecta,Hymenoptera,Crabronidae,"FE,HySI",1.0,1.0,1.0,,,720155.0,,,,,
Miscophus insulicola,Arthropoda,Insecta,Hymenoptera,Crabronidae,"FE,HySI",,,,,gap,,,,,,
Miscophus italicus,Arthropoda,Insecta,Hymenoptera,Crabronidae,"FE,HySI",,,,,gap,,,,,,
Miscophus johni,Arthropoda,Insecta,Hymenoptera,Crabronidae,"BOLD,HySI",1.0,1.0,1.0,,,768249.0,,,,,
Miscophus levantinus,Arthropoda,Insecta,Hymenoptera,Crabronidae,"FE,HySI",,,,,gap,,,,,,
Miscophus luctuosus,Arthropoda,Insecta,Hymenoptera,Crabronidae,"FE,HySI",,,,,gap,,,,,,
Miscophus lusitanicus,Arthropoda,Insecta,Hymenoptera,Crabronidae,"BOLD,FE,HySI,DTN",22.0,24.0,1.0,HySI,,349405.0,,,,,
Miscophus mavromoustakisi,Arthropoda,Insecta,Hymenoptera,Crabronidae,"BOLD,FE,HySI",2.0,2.0,1.0,,,608459.0,,,,,
Miscophus merceti,Arthropoda,Insecta,Hymenoptera,Crabronidae,"FE,HySI",,,,,gap,,,,,,
Miscophus minutus,Arthropoda,Insecta,Hymenoptera,Crabronidae,"BOLD,FE,HySI",1.0,1.0,1.0,,,768255.0,,,,,
Miscophus mochii,Arthropoda,Insecta,Hymenoptera,Crabronidae,"BOLD,FE,HySI",2.0,2.0,1.0,,,677293.0,,,,,
Miscophus nevesi,Arthropoda,Insecta,Hymenoptera,Crabronidae,"FE,HySI",,,,,gap,,,,,,
Miscophus nicolai,Arthropoda,Insecta,Hymenoptera,Crabronidae,"FE,HySI",,,,HySI,gap,,,,,,
Miscophus nitidior,Arthropoda,Insecta,Hymenoptera,Crabronidae,"FE,HySI",,,,,gap,,,,,,
Miscophus othello,Arthropoda,Insecta,Hymenoptera,Crabronidae,"FE,HySI",,,,,gap,,,,,,
Miscophus pharaonis,Arthropoda,Insecta,Hymenoptera,Crabronidae,"FE,HySI",,,,HySI,gap,,,,,,
Miscophus portoi,Arthropoda,Insecta,Hymenoptera,Crabronidae,"FE,HySI",,,,,gap,,,,,,
Miscophus postumus,Arthropoda,Insecta,Hymenoptera,Crabronidae,"BOLD,FE,HySI,DTN",2.0,2.0,1.0,,,514610.0,,,,,
Miscophus primogeniti,Arthropoda,Insecta,Hymenoptera,Crabronidae,"BOLD,FE,HySI",11.0,13.0,3.0,,,677292.0,285690.0,,,,
Miscophus pseudomimeticus,Arthropoda,Insecta,Hymenoptera,Crabronidae,"FE,HySI",,,,,gap,,,,,,
Miscophus pulcher,Arthropoda,Insecta,Hymenoptera,Crabronidae,"BOLD,FE,HySI",4.0,4.0,1.0,,,768229.0,,,,,
Miscophus susterai,Arthropoda,Insecta,Hymenoptera,Crabronidae,"FE,HySI",,,,,gap,,,,,,
Miscophus temperatus,Arthropoda,Insecta,Hymenoptera,Crabronidae,"FE,HySI",,,,,gap,,,,,,
Miscophus unigea,Arthropoda,Insecta,Hymenoptera,Crabronidae,FE,,,,,gap,,,,,,
Miscophus verhoeffi,Arthropoda,Insecta,Hymenoptera,Crabronidae,"FE,HySI",,,,,gap,,,,,,
Miscophus yermasoyensis,Arthropoda,Insecta,Hymenoptera,Crabronidae,"FE,HySI",,,,,gap,,,,,,
Miscophus zakakiensis,Arthropoda,Insecta,Hymenoptera,Crabronidae,"FE,HySI",,,,,gap,,,,,,
Nitela blascoi,Arthropoda,Insecta,Hymenoptera,Crabronidae,"FE,HySI",,,,,gap,,,,,,
Nitela borealis,Arthropoda,Insecta,Hymenoptera,Crabronidae,"BOLD,FE,HySI,DTN",83.0,90.0,2.0,,,330636.0,,,,,
Nitela fallax,Arthropoda,Insecta,Hymenoptera,Crabronidae,"BOLD,FE,HySI,DTN",25.0,26.0,1.0,,,285692.0,,,,,
Nitela laevigata,Arthropoda,Insecta,Hymenoptera,Crabronidae,"BOLD,HySI",0.0,4.0,0.0,,gap,330634.0,,,,,
Nitela lucens,Arthropoda,Insecta,Hymenoptera,Crabronidae,"BOLD,FE,HySI,DTN",4.0,9.0,1.0,,,349402.0,,,,,
Nitela truncata,Arthropoda,Insecta,Hymenoptera,Crabronidae,"BOLD,FE,HySI,DTN",5.0,6.0,2.0,,,330635.0,,,,,
Nitela yasumatsui,Arthropoda,Insecta,Hymenoptera,Crabronidae,"BOLD,FE,HySI,DTN",21.0,26.0,1.0,,,314689.0,,,,,
Nysson alicantinus,Arthropoda,Insecta,Hymenoptera,Crabronidae,"FE,HySI",,,,,gap,,,,,,
Nysson castellanus,Arthropoda,Insecta,Hymenoptera,Crabronidae,"FE,HySI",,,,,gap,,,,,,
Nysson chevrieri,Arthropoda,Insecta,Hymenoptera,Crabronidae,"FE,HySI",,,,,gap,,,,,,
Nysson dusmeti,Arthropoda,Insecta,Hymenoptera,Crabronidae,"FE,HySI",,,,,gap,,,,,,
Nysson epeoliformis,Arthropoda,Insecta,Hymenoptera,Crabronidae,"FE,HySI",,,,HySI,gap,,,,,,
Nysson fraternus,Arthropoda,Insecta,Hymenoptera,Crabronidae,"FE,HySI",,,,,gap,,,,,,
Nysson gerstaeckeri,Arthropoda,Insecta,Hymenoptera,Crabronidae,"FE,HySI",,,,,gap,,,,,,
Nysson ibericus,Arthropoda,Insecta,Hymenoptera,Crabronidae,"FE,HySI",,,,,gap,,,,,,
Nysson kolazyi,Arthropoda,Insecta,Hymenoptera,Crabronidae,"FE,HySI",,,,,gap,,,,,,
Nysson konowi,Arthropoda,Insecta,Hymenoptera,Crabronidae,"FE,HySI",,,,,gap,,,,,,
Nysson lapillus,Arthropoda,Insecta,Hymenoptera,Crabronidae,"FE,HySI",,,,,gap,,,,,,
Nysson laufferi,Arthropoda,Insecta,Hymenoptera,Crabronidae,"FE,HySI",,,,,gap,,,,,,
Nysson miegi,Arthropoda,Insecta,Hymenoptera,Crabronidae,"FE,HySI",,,,,gap,,,,,,
Nysson monachus,Arthropoda,Insecta,Hymenoptera,Crabronidae,"FE,HySI",,,,HySI,gap,,,,,,
Nysson parietalis,Arthropoda,Insecta,Hymenoptera,Crabronidae,"FE,HySI",,,,,gap,,,,,,
Nysson pusillus,Arthropoda,Insecta,Hymenoptera,Crabronidae,"FE,HySI",,,,,gap,,,,,,
Nysson quadriguttatus,Arthropoda,Insecta,Hymenoptera,Crabronidae,"FE,HySI,DTN",,,,,gap,,,,,,
Nysson ruthenicus,Arthropoda,Insecta,Hymenoptera,Crabronidae,"FE,HySI",,,,,gap,,,,,,
Nysson varelai,Arthropoda,Insecta,Hymenoptera,Crabronidae,"FE,HySI",,,,HySI,gap,,,,,,
Olgia helena,Arthropoda,Insecta,Hymenoptera,Crabronidae,"FE,HySI",0.0,1.0,0.0,,gap,891623.0,,,,,
Oryttus infernalis,Arthropoda,Insecta,Hymenoptera,Crabronidae,"FE,HySI",2.0,2.0,1.0,,,330667.0,,,,,
Oxybelomorpha steckii,Arthropoda,Insecta,Hymenoptera,Crabronidae,"FE,HySI",,,,,gap,,,,,,
Oxybelus argentatus,Arthropoda,Insecta,Hymenoptera,Crabronidae,"BOLD,FE,iNat,HySI,DTN",14.0,16.0,1.0,HySI,,314655.0,314645.0,,,,
Oxybelus aurantiacus,Arthropoda,Insecta,Hymenoptera,Crabronidae,"BOLD,FE,HySI",2.0,2.0,1.0,,,705653.0,,,,,
Oxybelus bipunctatus,Arthropoda,Insecta,Hymenoptera,Crabronidae,"BOLD,FE,iNat,HySI,DTN",34.0,49.0,2.0,,,314648.0,,,,,
Oxybelus cocacolae,Arthropoda,Insecta,Hymenoptera,Crabronidae,"BOLD,FE,HySI",5.0,6.0,1.0,,,544959.0,,,,,
Oxybelus diphyllus,Arthropoda,Insecta,Hymenoptera,Crabronidae,"FE,HySI",,,,,gap,,,,,,
Oxybelus dissectus,Arthropoda,Insecta,Hymenoptera,Crabronidae,"BOLD,FE,HySI,DTN",4.0,6.0,1.0,,,677310.0,330651.0,,,,
Oxybelus dusmeti,Arthropoda,Insecta,Hymenoptera,Crabronidae,"FE,HySI",,,,,gap,,,,,,
Oxybelus fischeri,Arthropoda,Insecta,Hymenoptera,Crabronidae,"BOLD,FE,HySI",9.0,9.0,0.0,,,973721.0,,,,,
Oxybelus haemorrhoidalis,Arthropoda,Insecta,Hymenoptera,Crabronidae,"BOLD,FE,HySI,DTN",18.0,18.0,1.0,HySI,,314642.0,,,,,
Oxybelus hastatus,Arthropoda,Insecta,Hymenoptera,Crabronidae,"FE,HySI",,,,,gap,,,,,,
Oxybelus lamellatus,Arthropoda,Insecta,Hymenoptera,Crabronidae,"BOLD,FE,HySI",16.0,19.0,2.0,,,544962.0,,,,,
Oxybelus latro,Arthropoda,Insecta,Hymenoptera,Crabronidae,"BOLD,FE,HySI,DTN",7.0,8.0,1.0,HySI,,314644.0,,,,,
Oxybelus lineatus,Arthropoda,Insecta,Hymenoptera,Crabronidae,"BOLD,FE,HySI,DTN",3.0,3.0,1.0,HySI,,330648.0,,,,,
Oxybelus maculipes,Arthropoda,Insecta,Hymenoptera,Crabronidae,"BOLD,FE,HySI",3.0,4.0,1.0,,,330649.0,,,,,
Oxybelus occitanicus,Arthropoda,Insecta,Hymenoptera,Crabronidae,"FE,HySI",,,,,gap,,,,,,
Oxybelus polyacanthus,Arthropoda,Insecta,Hymenoptera,Crabronidae,"FE,HySI",,,,,gap,,,,,,
Oxybelus quattuordecimguttatus,Arthropoda,Insecta,Hymenoptera,Crabronidae,BOLD,2.0,3.0,0.0,,,514725.0,,,,,
Oxybelus quatuordecimnotatus,Arthropoda,Insecta,Hymenoptera,Crabronidae,"BOLD,FE,HySI,DTN",14.0,40.0,2.0,HySI,,314646.0,,,,,
Oxybelus spectabilis,Arthropoda,Insecta,Hymenoptera,Crabronidae,"FE,HySI",,,,,gap,,,,,,
Oxybelus subspinosus,Arthropoda,Insecta,Hymenoptera,Crabronidae,"BOLD,FE,HySI,DTN",3.0,7.0,1.0,,,330652.0,314643.0,,,,
Oxybelus subulatus,Arthropoda,Insecta,Hymenoptera,Crabronidae,"BOLD,FE,HySI,DTN",14.0,22.0,2.0,HySI,,508864.0,,,,,
Oxybelus trispinosus,Arthropoda,Insecta,Hymenoptera,Crabronidae,"BOLD,FE,HySI,DTN",25.0,28.0,1.0,HySI,,314647.0,,,,,
Oxybelus uniglumis,Arthropoda,Insecta,Hymenoptera,Crabronidae,"BOLD,FE,iNat,HySI,DTN",41.0,46.0,4.0,HySI,,192991.0,,,,,
Oxybelus variegatus,Arthropoda,Insecta,Hymenoptera,Crabronidae,"BOLD,FE,iNat,HySI,DTN",31.0,45.0,2.0,HySI,,314641.0,314664.0,,,,
Palarus almeriensis,Arthropoda,Insecta,Hymenoptera,Crabronidae,FE,,,,,gap,,,,,,
Palarus funerarius,Arthropoda,Insecta,Hymenoptera,Crabronidae,"FE,HySI",,,,,gap,,,,,,
Palarus variegatus,Arthropoda,Insecta,Hymenoptera,Crabronidae,"BOLD,FE,HySI",2.0,3.0,1.0,HySI,,330701.0,,,,,
Passaloecus australis,Arthropoda,Insecta,Hymenoptera,Crabronidae,"FE,HySI",,,,,gap,,,,,,
Passaloecus longiceps,Arthropoda,Insecta,Hymenoptera,Crabronidae,"FE,HySI",,,,,gap,,,,,,
Passaloecus ribauti,Arthropoda,Insecta,Hymenoptera,Crabronidae,"FE,HySI",,,,,gap,,,,,,
Philanthus dufourii,Arthropoda,Insecta,Hymenoptera,Crabronidae,FE,,,,,gap,,,,,,
Philanthus sculpturatus,Arthropoda,Insecta,Hymenoptera,Crabronidae,"FE,HySI",,,,,gap,,,,,,
Pison atrum,Arthropoda,Insecta,Hymenoptera,Crabronidae,"BOLD,FE,HySI",10.0,12.0,2.0,,,327854.0,,,,,
Pison cameronii,Arthropoda,Insecta,Hymenoptera,Crabronidae,"FE,HySI",,,,HySI,gap,,,,,,
Pison carinatum,Arthropoda,Insecta,Hymenoptera,Crabronidae,"FE,HySI",1.0,1.0,1.0,,,330707.0,,,,,
Pison sericeum,Arthropoda,Insecta,Hymenoptera,Crabronidae,"BOLD,FE,HySI",0.0,1.0,0.0,,gap,330709.0,,,,,
Plenoculus beaumonti,Arthropoda,Insecta,Hymenoptera,Crabronidae,"FE,HySI",,,,,gap,,,,,,
Prosopigastra bulgarica,Arthropoda,Insecta,Hymenoptera,Crabronidae,"BOLD,FE,HySI",0.0,2.0,0.0,,gap,373133.0,,,,,
Prosopigastra creon,Arthropoda,Insecta,Hymenoptera,Crabronidae,"FE,HySI",4.0,5.0,3.0,HySI,,373134.0,,,,,
Prosopigastra handlirschi,Arthropoda,Insecta,Hymenoptera,Crabronidae,"FE,HySI",3.0,4.0,2.0,,,330714.0,,,,,
Prosopigastra kohli,Arthropoda,Insecta,Hymenoptera,Crabronidae,"FE,HySI",,,,,gap,,,,,,
Prosopigastra orientalis,Arthropoda,Insecta,Hymenoptera,Crabronidae,"BOLD,FE,HySI",1.0,1.0,1.0,HySI,,373135.0,,,,,
Prosopigastra zalinda,Arthropoda,Insecta,Hymenoptera,Crabronidae,"BOLD,FE,HySI",0.0,1.0,0.0,,gap,373136.0,,,,,
Pseneo exaratus,Arthropoda,Insecta,Hymenoptera,Crabronidae,"FE,HySI,DTN",,,,,gap,314654.0,,,,,
Psenulus cypriacus,Arthropoda,Insecta,Hymenoptera,Crabronidae,"FE,HySI",,,,HySI,gap,192994.0,,,,,
Psenulus hidalgo,Arthropoda,Insecta,Hymenoptera,Crabronidae,"FE,HySI",,,,,gap,,,,,,
Pseudomicroides elvirae,Arthropoda,Insecta,Hymenoptera,Crabronidae,"FE,HySI",,,,,gap,,,,,,
Pseudomicroides fergusoni,Arthropoda,Insecta,Hymenoptera,Crabronidae,"FE,HySI",,,,,gap,,,,,,
Pseudomicroides zimini,Arthropoda,Insecta,Hymenoptera,Crabronidae,"BOLD,HySI",2.0,2.0,1.0,,,740807.0,,,,,
Pseudoscolia dewitzi,Arthropoda,Insecta,Hymenoptera,Crabronidae,"FE,HySI",3.0,3.0,1.0,,,720158.0,,,,,
Pseudoscolia martinezi,Arthropoda,Insecta,Hymenoptera,Crabronidae,"FE,HySI",,,,,gap,,,,,,
Rhopalum austriacum,Arthropoda,Insecta,Hymenoptera,Crabronidae,"BOLD,FE,HySI,DTN",9.0,9.0,1.0,,,474160.0,,,,,
Rhopalum beaumonti,Arthropoda,Insecta,Hymenoptera,Crabronidae,"FE,HySI,DTN",2.0,3.0,1.0,,,314639.0,,,,,
Rhopalum coarctatum,Arthropoda,Insecta,Hymenoptera,Crabronidae,"BOLD,FE,iNat,HySI,DTN",23.0,32.0,1.0,HySI,,192968.0,508863.0,,,,
Rhopalum gracile,Arthropoda,Insecta,Hymenoptera,Crabronidae,"BOLD,FE,HySI,DTN",5.0,10.0,2.0,,,314640.0,,,,,
Rhopalum jessonicum,Arthropoda,Insecta,Hymenoptera,Crabronidae,"BOLD,FE,HySI,DTN",146.0,153.0,2.0,HySI,,192969.0,,,,,
Solierella canariensis,Arthropoda,Insecta,Hymenoptera,Crabronidae,FE,,,,,gap,,,,,,
Solierella compedita,Arthropoda,Insecta,Hymenoptera,Crabronidae,"BOLD,FE,DTN",20.0,22.0,3.0,,,327868.0,,,,,
Solierella cypriaca,Arthropoda,Insecta,Hymenoptera,Crabronidae,BOLD,3.0,3.0,1.0,,,608457.0,,,,,
Solierella dispar,Arthropoda,Insecta,Hymenoptera,Crabronidae,FE,1.0,4.0,1.0,,,562064.0,,,,,
Solierella insidiosa,Arthropoda,Insecta,Hymenoptera,Crabronidae,"BOLD,FE",5.0,11.0,1.0,,,544948.0,,,,,
Solierella pectinata,Arthropoda,Insecta,Hymenoptera,Crabronidae,FE,1.0,1.0,1.0,,,675742.0,,,,,
Solierella pisonoides,Arthropoda,Insecta,Hymenoptera,Crabronidae,"BOLD,FE",3.0,3.0,1.0,,,608456.0,,,,,
Solierella seabrai,Arthropoda,Insecta,Hymenoptera,Crabronidae,FE,,,,,gap,,,,,,
Solierella verhoeffi,Arthropoda,Insecta,Hymenoptera,Crabronidae,"BOLD,FE",2.0,2.0,1.0,,,608454.0,,,,,
Spilomena canariensis,Arthropoda,Insecta,Hymenoptera,Crabronidae,"FE,HySI",,,,,gap,,,,,,
Stizoides crassicornis,Arthropoda,Insecta,Hymenoptera,Crabronidae,"FE,HySI",,,,HySI,gap,,,,,,
Stizus aestivalis,Arthropoda,Insecta,Hymenoptera,Crabronidae,"FE,HySI",,,,,gap,,,,,,
Stizus annulatus,Arthropoda,Insecta,Hymenoptera,Crabronidae,"FE,HySI",2.0,2.0,2.0,,,891632.0,576717.0,,,,
Stizus bipunctatus,Arthropoda,Insecta,Hymenoptera,Crabronidae,"FE,HySI",,,,,gap,,,,,,
Stizus continuus,Arthropoda,Insecta,Hymenoptera,Crabronidae,"FE,HySI",1.0,1.0,1.0,ITIS,,576715.0,,,,,
Stizus hispanicus,Arthropoda,Insecta,Hymenoptera,Crabronidae,"FE,HySI",4.0,4.0,1.0,,,647679.0,,,,,
Stizus lohrmanni,Arthropoda,Insecta,Hymenoptera,Crabronidae,"FE,HySI",1.0,2.0,1.0,HySI,,576714.0,,,,,
Stizus tricolor,Arthropoda,Insecta,Hymenoptera,Crabronidae,"FE,HySI",,,,,gap,,,,,,
Tachysphex adjunctus,Arthropoda,Insecta,Hymenoptera,Crabronidae,"BOLD,FE,HySI",3.0,3.0,3.0,,,720176.0,705588.0,,,,
Tachysphex agnus,Arthropoda,Insecta,Hymenoptera,Crabronidae,"BOLD,HySI",4.0,4.0,2.0,,,705587.0,,,,,
Tachysphex albocinctus,Arthropoda,Insecta,Hymenoptera,Crabronidae,"FE,HySI",5.0,7.0,3.0,HySI,,595293.0,729608.0,,,,
Tachysphex austriacus,Arthropoda,Insecta,Hymenoptera,Crabronidae,"BOLD,HySI",11.0,12.0,1.0,,,314624.0,,,,,
Tachysphex blattivorus,Arthropoda,Insecta,Hymenoptera,Crabronidae,"FE,HySI",,,,,gap,,,,,,
Tachysphex bohemicus,Arthropoda,Insecta,Hymenoptera,Crabronidae,BOLD,1.0,1.0,1.0,,,738786.0,,,,,
Tachysphex brevipennis,Arthropoda,Insecta,Hymenoptera,Crabronidae,"BOLD,FE,HySI",93.0,95.0,6.0,HySI,,740795.0,771773.0,705597.0,894196.0,803389.0,720180.0
Tachysphex brullii,Arthropoda,Insecta,Hymenoptera,Crabronidae,"BOLD,FE,HySI",7.0,7.0,1.0,HySI,,379219.0,,,,,
Tachysphex carli,Arthropoda,Insecta,Hymenoptera,Crabronidae,"FE,HySI",,,,,gap,,,,,,
Tachysphex consocius,Arthropoda,Insecta,Hymenoptera,Crabronidae,BOLD,15.0,15.0,4.0,,,330447.0,767395.0,502001.0,,,
Tachysphex coriaceus,Arthropoda,Insecta,Hymenoptera,Crabronidae,"BOLD,FE,HySI",2.0,2.0,1.0,,,729351.0,,,,,
Tachysphex costae,Arthropoda,Insecta,Hymenoptera,Crabronidae,"BOLD,FE,HySI",6.0,10.0,2.0,,,720151.0,738755.0,,,,
Tachysphex crassiformis,Arthropoda,Insecta,Hymenoptera,Crabronidae,"BOLD,HySI",3.0,4.0,1.0,,,729345.0,,,,,
Tachysphex cretensis,Arthropoda,Insecta,Hymenoptera,Crabronidae,BOLD,1.0,1.0,1.0,,,762670.0,,,,,
Tachysphex ctenophorus,Arthropoda,Insecta,Hymenoptera,Crabronidae,"FE,HySI",,,,,gap,,,,,,
Tachysphex cyprius,Arthropoda,Insecta,Hymenoptera,Crabronidae,BOLD,2.0,2.0,1.0,,,738757.0,,,,,
Tachysphex descendentis,Arthropoda,Insecta,Hymenoptera,Crabronidae,"BOLD,FE,HySI",3.0,4.0,1.0,,,705593.0,,,,,
Tachysphex desertorum,Arthropoda,Insecta,Hymenoptera,Crabronidae,"FE,HySI",4.0,5.0,4.0,HySI,,740796.0,740792.0,,,,
Tachysphex discolor,Arthropoda,Insecta,Hymenoptera,Crabronidae,BOLD,7.0,7.0,2.0,,,738782.0,,,,,
Tachysphex erythropus,Arthropoda,Insecta,Hymenoptera,Crabronidae,"BOLD,FE,HySI",5.0,8.0,1.0,,,740793.0,,,,,
Tachysphex euxinus,Arthropoda,Insecta,Hymenoptera,Crabronidae,"BOLD,FE,HySI",1.0,1.0,0.0,,,767397.0,,,,,
Tachysphex excelsus,Arthropoda,Insecta,Hymenoptera,Crabronidae,"FE,HySI",,,,,gap,,,,,,
Tachysphex excisus,Arthropoda,Insecta,Hymenoptera,Crabronidae,"BOLD,HySI",26.0,27.0,4.0,,,738785.0,,,,,
Tachysphex ferrugineus,Arthropoda,Insecta,Hymenoptera,Crabronidae,"FE,HySI",2.0,2.0,1.0,,,720147.0,,,,,
Tachysphex fugax,Arthropoda,Insecta,Hymenoptera,Crabronidae,"BOLD,FE,HySI",1.0,7.0,1.0,HySI,,720319.0,720162.0,,,,
Tachysphex fulvitarsis,Arthropoda,Insecta,Hymenoptera,Crabronidae,"BOLD,FE,HySI,DTN",32.0,36.0,4.0,HySI,,314627.0,729348.0,967872.0,,,
Tachysphex gracilitarsis,Arthropoda,Insecta,Hymenoptera,Crabronidae,"FE,HySI",,,,,gap,,,,,,
Tachysphex graecus,Arthropoda,Insecta,Hymenoptera,Crabronidae,"BOLD,FE,HySI",1.0,1.0,1.0,,,738792.0,,,,,
Tachysphex harpax,Arthropoda,Insecta,Hymenoptera,Crabronidae,"BOLD,HySI",2.0,2.0,0.0,,,767398.0,,,,,
Tachysphex helveticus,Arthropoda,Insecta,Hymenoptera,Crabronidae,"BOLD,FE,HySI,DTN",24.0,33.0,2.0,,,314677.0,,,,,
Tachysphex humilis,Arthropoda,Insecta,Hymenoptera,Crabronidae,"BOLD,HySI",2.0,3.0,2.0,,,720163.0,,,,,
Tachysphex hungaricus,Arthropoda,Insecta,Hymenoptera,Crabronidae,BOLD,1.0,1.0,1.0,,,738788.0,,,,,
Tachysphex incertus,Arthropoda,Insecta,Hymenoptera,Crabronidae,"BOLD,FE,HySI",15.0,17.0,3.0,HySI,,330455.0,729612.0,740799.0,449132.0,,
Tachysphex jokischianus,Arthropoda,Insecta,Hymenoptera,Crabronidae,BOLD,22.0,23.0,1.0,,,738784.0,,,,,
Tachysphex jurinii,Arthropoda,Insecta,Hymenoptera,Crabronidae,BOLD,9.0,9.0,2.0,,,738761.0,,,,,
Tachysphex karasi,Arthropoda,Insecta,Hymenoptera,Crabronidae,"BOLD,HySI",2.0,2.0,2.0,,,705589.0,,,,,
Tachysphex latifrons,Arthropoda,Insecta,Hymenoptera,Crabronidae,"BOLD,FE,HySI",3.0,3.0,3.0,,,720178.0,,,,,
Tachysphex lindbergi,Arthropoda,Insecta,Hymenoptera,Crabronidae,"FE,HySI",1.0,1.0,1.0,,,720127.0,,,,,
Tachysphex mediterraneus,Arthropoda,Insecta,Hymenoptera,Crabronidae,"BOLD,FE,HySI",4.0,4.0,1.0,HySI,,705592.0,,,,,
Tachysphex mocsaryi,Arthropoda,Insecta,Hymenoptera,Crabronidae,"BOLD,HySI",1.0,1.0,1.0,HySI,,705590.0,,,,,
Tachysphex moczaryi,Arthropoda,Insecta,Hymenoptera,Crabronidae,FE,,,,,gap,,,,,,
Tachysphex nitidior,Arthropoda,Insecta,Hymenoptera,Crabronidae,"BOLD,FE,HySI",24.0,27.0,2.0,HySI,,379221.0,314628.0,,,,
Tachysphex nitidissimus,Arthropoda,Insecta,Hymenoptera,Crabronidae,"BOLD,FE,HySI",35.0,43.0,8.0,HySI,,729614.0,,,,,
Tachysphex nobilis,Arthropoda,Insecta,Hymenoptera,Crabronidae,BOLD,2.0,2.0,1.0,,,738794.0,,,,,
Tachysphex obscuripennis,Arthropoda,Insecta,Hymenoptera,Crabronidae,"BOLD,FE,iNat,HySI,DTN",26.0,26.0,3.0,HySI,,314625.0,,,,,
Tachysphex obscurus,Arthropoda,Insecta,Hymenoptera,Crabronidae,"FE,HySI",,,,HySI,gap,705590.0,,,,,
Tachysphex panzeri,Arthropoda,Insecta,Hymenoptera,Crabronidae,"BOLD,FE,HySI,DTN",26.0,38.0,6.0,HySI,,453333.0,740802.0,729606.0,,,
Tachysphex persa,Arthropoda,Insecta,Hymenoptera,Crabronidae,"BOLD,FE,HySI",5.0,5.0,2.0,,,330448.0,,,,,
Tachysphex plicosus,Arthropoda,Insecta,Hymenoptera,Crabronidae,"BOLD,FE,HySI",3.0,3.0,1.0,,,720179.0,,,,,
Tachysphex pompiliformis,Arthropoda,Insecta,Hymenoptera,Crabronidae,"BOLD,FE,HySI,DTN",53.0,60.0,6.0,HySI,,314626.0,729346.0,,,,
Tachysphex psammobius,Arthropoda,Insecta,Hymenoptera,Crabronidae,"BOLD,FE,HySI,DTN",7.0,13.0,2.0,,,314623.0,,,,,
Tachysphex pseudopanzeri,Arthropoda,Insecta,Hymenoptera,Crabronidae,"BOLD,FE,HySI",1.0,1.0,1.0,HySI,,738756.0,,,,,
Tachysphex punctipleuris,Arthropoda,Insecta,Hymenoptera,Crabronidae,BOLD,11.0,11.0,1.0,,,729347.0,,,,,
Tachysphex saundersi,Arthropoda,Insecta,Hymenoptera,Crabronidae,"BOLD,FE,HySI",2.0,2.0,1.0,,,771758.0,,,,,
Tachysphex schmiedeknechti,Arthropoda,Insecta,Hymenoptera,Crabronidae,"FE,HySI",3.0,5.0,2.0,HySI,,738759.0,,,,,
Tachysphex simonyi,Arthropoda,Insecta,Hymenoptera,Crabronidae,BOLD,5.0,5.0,2.0,,,729753.0,,,,,
Tachysphex sordidus,Arthropoda,Insecta,Hymenoptera,Crabronidae,"FE,HySI",2.0,2.0,2.0,HySI,,729349.0,720139.0,,,,
Tachysphex strigosus,Arthropoda,Insecta,Hymenoptera,Crabronidae,BOLD,15.0,15.0,4.0,,,738772.0,,,,,
Tachysphex subdentatus,Arthropoda,Insecta,Hymenoptera,Crabronidae,"BOLD,FE,HySI",3.0,4.0,2.0,,,720145.0,,,,,
Tachysphex tarsinus,Arthropoda,Insecta,Hymenoptera,Crabronidae,"BOLD,FE,HySI,DTN",16.0,17.0,2.0,HySI,,379220.0,,,,,
Tachysphex tessellatus,Arthropoda,Insecta,Hymenoptera,Crabronidae,"FE,HySI",5.0,5.0,1.0,HySI,,705591.0,,,,,
Tachysphex unicolor,Arthropoda,Insecta,Hymenoptera,Crabronidae,"BOLD,FE,HySI,DTN",46.0,56.0,4.0,HySI,,379217.0,771410.0,,,,
Tachytes argenteus,Arthropoda,Insecta,Hymenoptera,Crabronidae,"FE,HySI",1.0,1.0,1.0,,,576722.0,,,,,
Tachytes argyreus,Arthropoda,Insecta,Hymenoptera,Crabronidae,"FE,HySI",1.0,5.0,1.0,HySI,,576723.0,,,,,
Tachytes matronalis,Arthropoda,Insecta,Hymenoptera,Crabronidae,"FE,HySI",,,,,gap,,,,,,
Tachytes procerus,Arthropoda,Insecta,Hymenoptera,Crabronidae,"BOLD,FE,HySI",1.0,1.0,0.0,,,967879.0,,,,,
Tachytes pygmaeus,Arthropoda,Insecta,Hymenoptera,Crabronidae,"BOLD,FE,HySI",3.0,6.0,1.0,HySI,,576729.0,675829.0,,,,
Tachytes sinensis,Arthropoda,Insecta,Hymenoptera,Crabronidae,"FE,HySI",,,,HySI,gap,,,,,,
Tracheliodes curvitarsus,Arthropoda,Insecta,Hymenoptera,Crabronidae,"BOLD,FE,HySI",1.0,2.0,1.0,,,330679.0,,,,,
Tracheliodes quinquenotatus,Arthropoda,Insecta,Hymenoptera,Crabronidae,"BOLD,FE,HySI",7.0,9.0,1.0,HySI,,675744.0,,,,,
Tracheliodes varus,Arthropoda,Insecta,Hymenoptera,Crabronidae,"BOLD,FE,HySI",3.0,4.0,1.0,,,330680.0,,,,,
Trypoxylon albipes,Arthropoda,Insecta,Hymenoptera,Crabronidae,"FE,HySI",,,,,gap,,,,,,
Trypoxylon attenuatum,Arthropoda,Insecta,Hymenoptera,Crabronidae,"BOLD,FE,HySI,DTN",184.0,194.0,7.0,HySI,,314638.0,192980.0,192965.0,,,
Trypoxylon beaumonti,Arthropoda,Insecta,Hymenoptera,Crabronidae,"BOLD,FE,HySI,DTN",13.0,15.0,1.0,,,311751.0,,,,,
Trypoxylon clavicerum,Arthropoda,Insecta,Hymenoptera,Crabronidae,"BOLD,FE,HySI,DTN",12.0,14.0,1.0,HySI,,311759.0,311753.0,,,,
Trypoxylon deceptorium,Arthropoda,Insecta,Hymenoptera,Crabronidae,"BOLD,FE,HySI,DTN",13.0,19.0,2.0,,,314637.0,,,,,
Trypoxylon exiguum,Arthropoda,Insecta,Hymenoptera,Crabronidae,"BOLD,FE,HySI,DTN",97.0,115.0,1.0,HySI,,311759.0,,,,,
Trypoxylon kostylevi,Arthropoda,Insecta,Hymenoptera,Crabronidae,"BOLD,FE,HySI",10.0,14.0,0.0,,,311758.0,,,,,
Trypoxylon latilobatum,Arthropoda,Insecta,Hymenoptera,Crabronidae,"FE,HySI",,,,,gap,,,,,,
Trypoxylon medium,Arthropoda,Insecta,Hymenoptera,Crabronidae,"BOLD,FE,HySI,DTN",36.0,45.0,2.0,HySI,,311760.0,,,,,
Trypoxylon megriense,Arthropoda,Insecta,Hymenoptera,Crabronidae,"FE,HySI",,,,,gap,,,,,,
Trypoxylon minus,Arthropoda,Insecta,Hymenoptera,Crabronidae,"BOLD,FE,HySI,DTN",76.0,93.0,1.0,HySI,,311750.0,,,,,
Trypoxylon rubiginosum,Arthropoda,Insecta,Hymenoptera,Crabronidae,"FE,HySI",,,,,gap,,,,,,
Trypoxylon scutatum,Arthropoda,Insecta,Hymenoptera,Crabronidae,"BOLD,FE,HySI,DTN",13.0,22.0,2.0,,,311757.0,,,,,
Trypoxylon syriacum,Arthropoda,Insecta,Hymenoptera,Crabronidae,"FE,HySI",,,,,gap,,,,,,
