species,Phylum,Class,Order,Family,source,speciemens barcoded,speciemens,public BINs,verified by,status,BOLD taxid,Unnamed: 12
Actocetor (Actocetor) indicus,Arthropoda,Insecta,Diptera,Ephydridae,"FE,SyDip",,,,SyDip,gap,,
Allotrichoma (Allotrichoma) bezzii,Arthropoda,Insecta,Diptera,Ephydridae,"BOLD,FE,SyDip",10.0,15.0,2.0,,,406563.0,
Allotrichoma (Allotrichoma) bifidum,Arthropoda,Insecta,Diptera,Ephydridae,"FE,SyDip",,,,,gap,,
Allotrichoma (Allotrichoma) filiforme,Arthropoda,Insecta,Diptera,Ephydridae,"BOLD,FE,SyDip",21.0,28.0,1.0,,,406562.0,
Allotrichoma (Allotrichoma) picenum,Arthropoda,Insecta,Diptera,Ephydridae,"FE,SyDip",,,,,gap,,
Allotrichoma (Allotrichoma) schumanni,Arthropoda,Insecta,Diptera,Ephydridae,"BOLD,FE,SyDip",6.0,9.0,0.0,,,406561.0,
Allotrichoma (Allotrichoma) sicanum,Arthropoda,Insecta,Diptera,Ephydridae,"FE,SyDip",,,,,gap,,
Allotrichoma (Allotrichoma) strandi,Arthropoda,Insecta,Diptera,Ephydridae,"BOLD,FE,SyDip",1.0,2.0,0.0,,,1073808.0,
Allotrichoma (Allotrichoma) tricolor,Arthropoda,Insecta,Diptera,Ephydridae,"FE,SyDip",,,,SyDip,gap,,
Allotrichoma laterale,Arthropoda,Insecta,Diptera,Ephydridae,"BOLD,FE",19.0,20.0,1.0,,,406564.0,
Allotrichoma pseudolaterale,Arthropoda,Insecta,Diptera,Ephydridae,FE,,,,,gap,,
Allotrichoma quadripectinatum,Arthropoda,Insecta,Diptera,Ephydridae,FE,,,,,gap,,
Amalopteryx sibilans,Arthropoda,Insecta,Diptera,Ephydridae,BOLD,0.0,1.0,0.0,,gap,510525.0,
Asmeringa inermis,Arthropoda,Insecta,Diptera,Ephydridae,"BOLD,FE,SyDip",4.0,4.0,0.0,,,1141498.0,
Athyroglossa (Athyroglossa) flaviventris,Arthropoda,Insecta,Diptera,Ephydridae,"BOLD,FE,SyDip",1.0,1.0,0.0,SyDip,,406512.0,
Athyroglossa (Athyroglossa) glabra,Arthropoda,Insecta,Diptera,Ephydridae,"BOLD,FE,SyDip",17.0,20.0,2.0,SyDip,,296228.0,
Athyroglossa (Parathyroglossa) ordinata,Arthropoda,Insecta,Diptera,Ephydridae,"BOLD,FE,SyDip",6.0,6.0,0.0,,,406511.0,
Athyroglossa nudiuscula,Arthropoda,Insecta,Diptera,Ephydridae,"BOLD,FE,SyDip",5.0,5.0,0.0,,,1141499.0,
Atissa hepaticoloris,Arthropoda,Insecta,Diptera,Ephydridae,"FE,SyDip",,,,,gap,,
Atissa kairensis,Arthropoda,Insecta,Diptera,Ephydridae,"FE,SyDip",,,,,gap,,
Atissa kerteszi,Arthropoda,Insecta,Diptera,Ephydridae,"BOLD,FE,SyDip",1.0,1.0,0.0,,,1141532.0,
Atissa limosina,Arthropoda,Insecta,Diptera,Ephydridae,"BOLD,FE,SyDip",14.0,14.0,1.0,,,406567.0,
Atissa pygmaea,Arthropoda,Insecta,Diptera,Ephydridae,"BOLD,FE,SyDip",14.0,16.0,1.0,,,406568.0,
Axysta cesta,Arthropoda,Insecta,Diptera,Ephydridae,"BOLD,FE,SyDip",7.0,8.0,2.0,,,406559.0,
Brachydeutera ibari,Arthropoda,Insecta,Diptera,Ephydridae,"FE,SyDip",,,,,gap,,
Calocoenia (Leptocoenia) paurosoma,Arthropoda,Insecta,Diptera,Ephydridae,"FE,SyDip",,,,SyDip,gap,,
Chlorichaeta albipennis,Arthropoda,Insecta,Diptera,Ephydridae,"FE,SyDip",,,,,gap,,
Chlorichaeta tuberculosa,Arthropoda,Insecta,Diptera,Ephydridae,"FE,SyDip",,,,,gap,,
Clanoneurum cimiciforme,Arthropoda,Insecta,Diptera,Ephydridae,"BOLD,FE,SyDip",4.0,4.0,0.0,,,406525.0,
Clanoneurum menozzii,Arthropoda,Insecta,Diptera,Ephydridae,"FE,SyDip",,,,,gap,,
Cnestrum lepidopes,Arthropoda,Insecta,Diptera,Ephydridae,"BOLD,FE,SyDip",1.0,1.0,0.0,,,406523.0,
Coenia curvicauda,Arthropoda,Insecta,Diptera,Ephydridae,"BOLD,FE,SyDip",40.0,45.0,1.0,,,406450.0,
Coenia palustris,Arthropoda,Insecta,Diptera,Ephydridae,"BOLD,FE,SyDip",8.0,10.0,1.0,,,406451.0,
Coenia vulgata,Arthropoda,Insecta,Diptera,Ephydridae,"BOLD,FE",0.0,1.0,0.0,,gap,1067891.0,
Dichaeta caudata,Arthropoda,Insecta,Diptera,Ephydridae,"BOLD,FE,SyDip",27.0,30.0,2.0,SyDip,,296230.0,
Diclasiopa lacteipennis,Arthropoda,Insecta,Diptera,Ephydridae,"BOLD,FE,SyDip",1.0,4.0,0.0,,,406505.0,
Diclasiopa niveipennis,Arthropoda,Insecta,Diptera,Ephydridae,"BOLD,FE,SyDip",4.0,4.0,0.0,,,1141504.0,
Discocerina (Discocerina) obscurella,Arthropoda,Insecta,Diptera,Ephydridae,"BOLD,FE,SyDip",45.0,53.0,3.0,SyDip,,296232.0,
Discomyza incurva,Arthropoda,Insecta,Diptera,Ephydridae,"BOLD,FE,iNat,SyDip",50.0,50.0,1.0,,,406573.0,
Ditrichophora (Ditrichophora) bezzii,Arthropoda,Insecta,Diptera,Ephydridae,"FE,SyDip",,,,SyDip,gap,,
Ditrichophora (Ditrichophora) calceata,Arthropoda,Insecta,Diptera,Ephydridae,"BOLD,FE,SyDip",10.0,10.0,0.0,SyDip,,406500.0,
Ditrichophora (Ditrichophora) canzonerii,Arthropoda,Insecta,Diptera,Ephydridae,"FE,SyDip",,,,SyDip,gap,,
Ditrichophora (Ditrichophora) fuscella,Arthropoda,Insecta,Diptera,Ephydridae,"BOLD,FE,SyDip",18.0,22.0,1.0,SyDip,,296234.0,
Ditrichophora (Ditrichophora) glabricula,Arthropoda,Insecta,Diptera,Ephydridae,"FE,SyDip",,,,SyDip,gap,,
Ditrichophora (Ditrichophora) graeca,Arthropoda,Insecta,Diptera,Ephydridae,"FE,SyDip",,,,SyDip,gap,,
Ditrichophora (Ditrichophora) griseifacies,Arthropoda,Insecta,Diptera,Ephydridae,"FE,SyDip",,,,SyDip,gap,,
Ditrichophora (Ditrichophora) hungarica,Arthropoda,Insecta,Diptera,Ephydridae,"FE,SyDip",,,,SyDip,gap,,
Ditrichophora (Ditrichophora) moraviae,Arthropoda,Insecta,Diptera,Ephydridae,"FE,SyDip",,,,SyDip,gap,,
Ditrichophora (Ditrichophora) nectens,Arthropoda,Insecta,Diptera,Ephydridae,"FE,SyDip",,,,SyDip,gap,,
Ditrichophora (Ditrichophora) nigrithorax,Arthropoda,Insecta,Diptera,Ephydridae,"FE,SyDip",,,,SyDip,gap,,
Ditrichophora (Ditrichophora) nivea,Arthropoda,Insecta,Diptera,Ephydridae,"FE,SyDip",,,,SyDip,gap,,
Ditrichophora (Ditrichophora) olivacea,Arthropoda,Insecta,Diptera,Ephydridae,"BOLD,FE,SyDip",0.0,3.0,0.0,SyDip,gap,406502.0,
Ditrichophora (Ditrichophora) sia,Arthropoda,Insecta,Diptera,Ephydridae,"FE,SyDip",,,,SyDip,gap,,
Ditrichophora (Ditrichophora) soikai,Arthropoda,Insecta,Diptera,Ephydridae,"FE,SyDip",,,,SyDip,gap,,
Ditrichophora (Ditrichophora) tirolensis,Arthropoda,Insecta,Diptera,Ephydridae,"FE,SyDip",,,,SyDip,gap,,
Ditrichophora (Gymnoclasiopa) aurivillii,Arthropoda,Insecta,Diptera,Ephydridae,"BOLD,FE,SyDip",3.0,8.0,0.0,SyDip,,483289.0,
Ditrichophora (Gymnoclasiopa) bohemanni,Arthropoda,Insecta,Diptera,Ephydridae,"BOLD,FE,SyDip",1.0,6.0,1.0,SyDip,,483455.0,
Ditrichophora (Gymnoclasiopa) cinerella,Arthropoda,Insecta,Diptera,Ephydridae,"BOLD,FE,SyDip",0.0,1.0,0.0,SyDip,gap,985660.0,
Ditrichophora (Gymnoclasiopa) collini,Arthropoda,Insecta,Diptera,Ephydridae,"FE,SyDip",,,,SyDip,gap,,
Ditrichophora (Gymnoclasiopa) coxalis,Arthropoda,Insecta,Diptera,Ephydridae,"FE,SyDip",,,,SyDip,gap,,
Ditrichophora (Gymnoclasiopa) dimidiatipennis,Arthropoda,Insecta,Diptera,Ephydridae,"FE,SyDip",,,,SyDip,gap,,
Ditrichophora (Gymnoclasiopa) insolita,Arthropoda,Insecta,Diptera,Ephydridae,"FE,SyDip",,,,SyDip,gap,,
Ditrichophora (Gymnoclasiopa) lambi,Arthropoda,Insecta,Diptera,Ephydridae,"FE,SyDip",,,,SyDip,gap,,
Ditrichophora (Gymnoclasiopa) meridionalis,Arthropoda,Insecta,Diptera,Ephydridae,"FE,SyDip",,,,SyDip,gap,,
Ditrichophora (Gymnoclasiopa) plumosa,Arthropoda,Insecta,Diptera,Ephydridae,"FE,SyDip",,,,SyDip,gap,,
Ditrichophora (Gymnoclasiopa) psilopina,Arthropoda,Insecta,Diptera,Ephydridae,"FE,SyDip",,,,SyDip,gap,,
Ditrichophora (Gymnoclasiopa) pulchella,Arthropoda,Insecta,Diptera,Ephydridae,"BOLD,FE,SyDip",4.0,12.0,0.0,SyDip,,599368.0,1141528.0
Ditrichophora occidentalis,Arthropoda,Insecta,Diptera,Ephydridae,"BOLD,SyDip",2.0,5.0,1.0,,,599366.0,
Ditrichophora palliditarsis,Arthropoda,Insecta,Diptera,Ephydridae,"BOLD,FE",6.0,7.0,0.0,,,406503.0,
Ditrichophora strandi,Arthropoda,Insecta,Diptera,Ephydridae,BOLD,4.0,4.0,0.0,,,406501.0,
Dryxo (Dryxo) ornata,Arthropoda,Insecta,Diptera,Ephydridae,"FE,SyDip",,,,,gap,,
Elephantinosoma chnumi,Arthropoda,Insecta,Diptera,Ephydridae,"FE,SyDip",,,,,gap,,
Ephydra (Ephydra) bivittata,Arthropoda,Insecta,Diptera,Ephydridae,"FE,SyDip",,,,,gap,,
Ephydra (Ephydra) flavipes,Arthropoda,Insecta,Diptera,Ephydridae,"BOLD,FE,SyDip",6.0,8.0,0.0,SyDip,,1141505.0,
Ephydra (Ephydra) glauca,Arthropoda,Insecta,Diptera,Ephydridae,"FE,SyDip",,,,,gap,,
Ephydra (Ephydra) macellaria,Arthropoda,Insecta,Diptera,Ephydridae,"BOLD,FE,WORMS,SyDip",5.0,5.0,1.0,WORMS,,237234.0,
Ephydra (Ephydra) murina,Arthropoda,Insecta,Diptera,Ephydridae,"BOLD,FE,SyDip",2.0,2.0,0.0,,,406458.0,
Ephydra (Ephydra) riparia,Arthropoda,Insecta,Diptera,Ephydridae,"BOLD,FE,SyDip",4.0,6.0,1.0,,,237235.0,
Ephydra (Ephydra) scholtzi,Arthropoda,Insecta,Diptera,Ephydridae,"BOLD,FE,SyDip",1.0,1.0,0.0,,,406457.0,
Ephydra afghanica,Arthropoda,Insecta,Diptera,Ephydridae,"FE,SyDip",,,,,gap,,
Ephydra attica,Arthropoda,Insecta,Diptera,Ephydridae,"FE,SyDip",,,,,gap,,
Eutaenionotum guttipenne,Arthropoda,Insecta,Diptera,Ephydridae,"BOLD,SyDip",3.0,3.0,2.0,,,775150.0,
Eutaenionotum guttipennis,Arthropoda,Insecta,Diptera,Ephydridae,FE,,,,,gap,,
Eutaenionotum olivaceum,Arthropoda,Insecta,Diptera,Ephydridae,"FE,SyDip",,,,,gap,,
Glenanthe bimaculata,Arthropoda,Insecta,Diptera,Ephydridae,"FE,SyDip",,,,,gap,,
Glenanthe fuscinervis,Arthropoda,Insecta,Diptera,Ephydridae,BOLD,3.0,3.0,0.0,,,406509.0,
Glenanthe nigripes,Arthropoda,Insecta,Diptera,Ephydridae,FE,6.0,6.0,0.0,,,1141522.0,
Glenanthe ripicola,Arthropoda,Insecta,Diptera,Ephydridae,"BOLD,FE,SyDip",11.0,15.0,0.0,,,406510.0,
Gymnoclasiopa aulisioi,Arthropoda,Insecta,Diptera,Ephydridae,"BOLD,FE",6.0,6.0,0.0,,,1141478.0,
Gymnoclasiopa aurifacies,Arthropoda,Insecta,Diptera,Ephydridae,FE,,,,,gap,,
Gymnoclasiopa flavoantennata,Arthropoda,Insecta,Diptera,Ephydridae,FE,,,,,gap,,
Gymnoclasiopa nigerrima,Arthropoda,Insecta,Diptera,Ephydridae,"BOLD,FE,SyDip",2.0,3.0,0.0,,,775152.0,
Halmopota insignis,Arthropoda,Insecta,Diptera,Ephydridae,"FE,SyDip",,,,,gap,,
Halmopota mediterraneus,Arthropoda,Insecta,Diptera,Ephydridae,FE,,,,,gap,,
Halmopota salinarius,Arthropoda,Insecta,Diptera,Ephydridae,"BOLD,FE",5.0,5.0,0.0,,,406535.0,
Halmopota septentrionalis,Arthropoda,Insecta,Diptera,Ephydridae,"FE,SyDip",,,,,gap,,
Haloscatella dichaeta,Arthropoda,Insecta,Diptera,Ephydridae,"BOLD,FE,SyDip",8.0,9.0,0.0,,,406467.0,
Hecamede albicans,Arthropoda,Insecta,Diptera,Ephydridae,"BOLD,FE,SyDip",8.0,11.0,1.0,,,406560.0,
Hecamedoides corleonensis,Arthropoda,Insecta,Diptera,Ephydridae,"FE,SyDip",,,,,gap,,
Hecamedoides costatus,Arthropoda,Insecta,Diptera,Ephydridae,"FE,SyDip",,,,,gap,,
Hecamedoides glaucellus,Arthropoda,Insecta,Diptera,Ephydridae,"BOLD,FE",8.0,12.0,0.0,,,599373.0,
Hecamedoides kelmorum,Arthropoda,Insecta,Diptera,Ephydridae,"BOLD,SyDip",5.0,10.0,0.0,,,1141529.0,
Hecamedoides morrii,Arthropoda,Insecta,Diptera,Ephydridae,"FE,SyDip",,,,,gap,,
Hecamedoides unispinosus,Arthropoda,Insecta,Diptera,Ephydridae,"BOLD,FE",0.0,1.0,0.0,,gap,483424.0,
Homalometopus castaneus,Arthropoda,Insecta,Diptera,Ephydridae,"FE,SyDip",,,,,gap,,
Homalometopus corfuensis,Arthropoda,Insecta,Diptera,Ephydridae,"BOLD,FE,SyDip",2.0,2.0,0.0,,,1141507.0,
Homalometopus ibericus,Arthropoda,Insecta,Diptera,Ephydridae,"FE,SyDip",4.0,4.0,0.0,,,1141521.0,
Homalometopus ichnusae,Arthropoda,Insecta,Diptera,Ephydridae,"FE,SyDip",,,,,gap,,
Homalometopus lukinatcha,Arthropoda,Insecta,Diptera,Ephydridae,"FE,SyDip",,,,,gap,,
Homalometopus platycephalus,Arthropoda,Insecta,Diptera,Ephydridae,FE,,,,,gap,,
Hyadina agostinhoi,Arthropoda,Insecta,Diptera,Ephydridae,"FE,SyDip",,,,,gap,,
Hyadina fenestrata,Arthropoda,Insecta,Diptera,Ephydridae,"FE,SyDip",,,,,gap,,
Hyadina guttata,Arthropoda,Insecta,Diptera,Ephydridae,"BOLD,FE,SyDip",28.0,29.0,1.0,,,406546.0,406545.0
Hyadina minima,Arthropoda,Insecta,Diptera,Ephydridae,"FE,SyDip",,,,,gap,,
Hyadina nigricornis,Arthropoda,Insecta,Diptera,Ephydridae,"FE,SyDip",,,,,gap,,
Hyadina pollinosa,Arthropoda,Insecta,Diptera,Ephydridae,"FE,SyDip",,,,,gap,,
Hyadina rufipes,Arthropoda,Insecta,Diptera,Ephydridae,"BOLD,FE,SyDip",12.0,16.0,1.0,,,406544.0,
Hyadina scutellata,Arthropoda,Insecta,Diptera,Ephydridae,"FE,SyDip",,,,,gap,,
Hyadina vockerothi,Arthropoda,Insecta,Diptera,Ephydridae,"FE,SyDip",0.0,6.0,0.0,,gap,599376.0,
Hydrellia albiceps,Arthropoda,Insecta,Diptera,Ephydridae,"FE,SyDip",,,,,gap,,
Hydrellia albifrons,Arthropoda,Insecta,Diptera,Ephydridae,"BOLD,FE,SyDip",4.0,4.0,1.0,,,406498.0,
Hydrellia albilabris,Arthropoda,Insecta,Diptera,Ephydridae,"BOLD,FE,SyDip",48.0,49.0,1.0,,,406494.0,
Hydrellia amauropoda,Arthropoda,Insecta,Diptera,Ephydridae,FE,,,,,gap,,
Hydrellia argyrogenis,Arthropoda,Insecta,Diptera,Ephydridae,FE,,,,,gap,,
Hydrellia argyrostoma,Arthropoda,Insecta,Diptera,Ephydridae,"FE,SyDip",,,,,gap,,
Hydrellia asymmetrica,Arthropoda,Insecta,Diptera,Ephydridae,"FE,SyDip",,,,,gap,,
Hydrellia aurifer,Arthropoda,Insecta,Diptera,Ephydridae,"FE,SyDip",,,,,gap,,
Hydrellia caesia,Arthropoda,Insecta,Diptera,Ephydridae,"FE,SyDip",,,,,gap,,
Hydrellia caledonica,Arthropoda,Insecta,Diptera,Ephydridae,"BOLD,FE,SyDip",2.0,2.0,0.0,,,985659.0,
Hydrellia cardamines,Arthropoda,Insecta,Diptera,Ephydridae,"BOLD,FE,SyDip",6.0,7.0,1.0,,,406484.0,
Hydrellia cochleariae,Arthropoda,Insecta,Diptera,Ephydridae,"BOLD,FE,SyDip",4.0,6.0,0.0,,,406495.0,
Hydrellia concolor,Arthropoda,Insecta,Diptera,Ephydridae,"BOLD,FE,SyDip",1.0,1.0,0.0,,,1141524.0,
Hydrellia fascitibia,Arthropoda,Insecta,Diptera,Ephydridae,"BOLD,FE,SyDip",1.0,1.0,0.0,,,1073807.0,
Hydrellia flaviceps,Arthropoda,Insecta,Diptera,Ephydridae,"BOLD,FE,SyDip",5.0,5.0,1.0,,,406485.0,
Hydrellia flavicornis,Arthropoda,Insecta,Diptera,Ephydridae,"BOLD,FE,SyDip",0.0,1.0,0.0,,gap,1142931.0,
Hydrellia frontalis,Arthropoda,Insecta,Diptera,Ephydridae,"FE,SyDip",,,,,gap,,
Hydrellia frontosa,Arthropoda,Insecta,Diptera,Ephydridae,"FE,SyDip",,,,,gap,,
Hydrellia fulviceps,Arthropoda,Insecta,Diptera,Ephydridae,"BOLD,FE,SyDip",5.0,6.0,0.0,,,406496.0,
Hydrellia fusca,Arthropoda,Insecta,Diptera,Ephydridae,"FE,SyDip",,,,,gap,,
Hydrellia geniculata,Arthropoda,Insecta,Diptera,Ephydridae,"FE,SyDip",,,,,gap,,
Hydrellia griseola,Arthropoda,Insecta,Diptera,Ephydridae,"BOLD,FE,SyDip",199.0,201.0,2.0,,,237240.0,
Hydrellia ischiaca,Arthropoda,Insecta,Diptera,Ephydridae,"BOLD,FE,SyDip",4.0,4.0,0.0,,,406483.0,
Hydrellia italica,Arthropoda,Insecta,Diptera,Ephydridae,"FE,SyDip",,,,,gap,,
Hydrellia lapponica,Arthropoda,Insecta,Diptera,Ephydridae,"FE,SyDip",,,,,gap,,
Hydrellia laticeps,Arthropoda,Insecta,Diptera,Ephydridae,"FE,SyDip",,,,,gap,,
Hydrellia maculiventris,Arthropoda,Insecta,Diptera,Ephydridae,"BOLD,FE,SyDip",1.0,1.0,0.0,,,406488.0,
Hydrellia maura,Arthropoda,Insecta,Diptera,Ephydridae,"BOLD,FE,SyDip",56.0,57.0,1.0,,,406499.0,
Hydrellia mayoli,Arthropoda,Insecta,Diptera,Ephydridae,"FE,SyDip",,,,,gap,,
Hydrellia meigeni,Arthropoda,Insecta,Diptera,Ephydridae,"FE,SyDip",,,,,gap,,
Hydrellia minutissima,Arthropoda,Insecta,Diptera,Ephydridae,"FE,SyDip",,,,,gap,,
Hydrellia mutata,Arthropoda,Insecta,Diptera,Ephydridae,"BOLD,FE,SyDip",2.0,3.0,0.0,,,406486.0,
Hydrellia nigricans,Arthropoda,Insecta,Diptera,Ephydridae,"BOLD,FE,SyDip",7.0,10.0,0.0,,,406491.0,
Hydrellia nigriceps,Arthropoda,Insecta,Diptera,Ephydridae,"FE,SyDip",,,,,gap,,
Hydrellia nympheae,Arthropoda,Insecta,Diptera,Ephydridae,"FE,SyDip",,,,,gap,,
Hydrellia obscura,Arthropoda,Insecta,Diptera,Ephydridae,"BOLD,FE,SyDip",13.0,17.0,0.0,,,406492.0,
Hydrellia padi,Arthropoda,Insecta,Diptera,Ephydridae,"FE,SyDip",,,,,gap,,
Hydrellia parafrontosa,Arthropoda,Insecta,Diptera,Ephydridae,"FE,SyDip",,,,,gap,,
Hydrellia pilitarsis,Arthropoda,Insecta,Diptera,Ephydridae,"BOLD,FE,SyDip",8.0,13.0,0.0,,,406497.0,
Hydrellia porphyrops,Arthropoda,Insecta,Diptera,Ephydridae,"BOLD,FE,SyDip",3.0,3.0,0.0,,,406487.0,
Hydrellia propinqua,Arthropoda,Insecta,Diptera,Ephydridae,"FE,SyDip",,,,,gap,,
Hydrellia pubescens,Arthropoda,Insecta,Diptera,Ephydridae,"FE,SyDip",,,,,gap,,
Hydrellia raffonei,Arthropoda,Insecta,Diptera,Ephydridae,"FE,SyDip",,,,,gap,,
Hydrellia ranunculi,Arthropoda,Insecta,Diptera,Ephydridae,"FE,SyDip",,,,,gap,,
Hydrellia stratiotae,Arthropoda,Insecta,Diptera,Ephydridae,"FE,SyDip",,,,,gap,,
Hydrellia stratiotella,Arthropoda,Insecta,Diptera,Ephydridae,"FE,SyDip",,,,,gap,,
Hydrellia subalbiceps,Arthropoda,Insecta,Diptera,Ephydridae,"BOLD,FE,SyDip",3.0,3.0,0.0,,,406490.0,
Hydrellia svecica,Arthropoda,Insecta,Diptera,Ephydridae,"BOLD,FE,SyDip",2.0,2.0,0.0,,,979224.0,
Hydrellia tarsata,Arthropoda,Insecta,Diptera,Ephydridae,"BOLD,FE,SyDip",6.0,7.0,0.0,,,406489.0,
Hydrellia tenebricosa,Arthropoda,Insecta,Diptera,Ephydridae,"FE,SyDip",2.0,2.0,1.0,,,528998.0,
Hydrellia thoracica,Arthropoda,Insecta,Diptera,Ephydridae,"BOLD,FE,SyDip",6.0,7.0,0.0,,,406493.0,
Hydrellia tibialis,Arthropoda,Insecta,Diptera,Ephydridae,"FE,SyDip",2.0,2.0,2.0,,,530490.0,
Hydrellia vidua,Arthropoda,Insecta,Diptera,Ephydridae,"FE,SyDip",,,,,gap,,
Ilythea carlestorlai,Arthropoda,Insecta,Diptera,Ephydridae,FE,,,,,gap,,
Ilythea nebulosa,Arthropoda,Insecta,Diptera,Ephydridae,"FE,SyDip",,,,,gap,,
Ilythea spilota,Arthropoda,Insecta,Diptera,Ephydridae,"BOLD,FE,SyDip",15.0,15.0,1.0,,,406463.0,
Ilythea variipennis,Arthropoda,Insecta,Diptera,Ephydridae,FE,,,,,gap,,
Lamproscatella (Lamproscatella) bimaculata,Arthropoda,Insecta,Diptera,Ephydridae,"FE,SyDip",9.0,13.0,1.0,,,599384.0,
Lamproscatella (Lamproscatella) brunnipennis,Arthropoda,Insecta,Diptera,Ephydridae,"FE,SyDip",5.0,5.0,1.0,SyDip,,459148.0,
Lamproscatella (Thinoscatella) quadrisetosa,Arthropoda,Insecta,Diptera,Ephydridae,"FE,SyDip",33.0,33.0,3.0,SyDip,,459147.0,
Lamproscatella sibilans,Arthropoda,Insecta,Diptera,Ephydridae,"BOLD,FE,SyDip",125.0,126.0,0.0,,,406465.0,
Lamproscatella unipunctata,Arthropoda,Insecta,Diptera,Ephydridae,"FE,SyDip",,,,,gap,,
Limnellia fallax,Arthropoda,Insecta,Diptera,Ephydridae,"BOLD,FE,SyDip",5.0,5.0,1.0,,,510523.0,
Limnellia helmuti,Arthropoda,Insecta,Diptera,Ephydridae,"FE,SyDip",,,,,gap,,
Limnellia quadrata,Arthropoda,Insecta,Diptera,Ephydridae,"BOLD,FE,SyDip",87.0,90.0,1.0,,,406470.0,
Limnellia stenhammari,Arthropoda,Insecta,Diptera,Ephydridae,"BOLD,FE,SyDip",2.0,8.0,0.0,,,479077.0,
Limnellia surturi,Arthropoda,Insecta,Diptera,Ephydridae,"BOLD,FE",4.0,4.0,1.0,,,406469.0,
Lytogaster abdominalis,Arthropoda,Insecta,Diptera,Ephydridae,"BOLD,FE,SyDip",3.0,5.0,1.0,,,406557.0,
Mosillus subsultans,Arthropoda,Insecta,Diptera,Ephydridae,"FE,SyDip",,,,,gap,,
Nostima picta,Arthropoda,Insecta,Diptera,Ephydridae,"BOLD,FE,SyDip",43.0,45.0,1.0,,,406550.0,
Nostima semialata,Arthropoda,Insecta,Diptera,Ephydridae,"FE,SyDip",,,,,gap,,
Notiphila (Notiphila) annulipes,Arthropoda,Insecta,Diptera,Ephydridae,"BOLD,FE,SyDip",2.0,3.0,1.0,,,483557.0,
Notiphila (Notiphila) aquatica,Arthropoda,Insecta,Diptera,Ephydridae,"FE,SyDip",,,,,gap,,
Notiphila (Notiphila) cinerea,Arthropoda,Insecta,Diptera,Ephydridae,"BOLD,FE,SyDip",10.0,11.0,1.0,,,406526.0,
Notiphila (Notiphila) cogani,Arthropoda,Insecta,Diptera,Ephydridae,"FE,SyDip",6.0,6.0,0.0,,,1141518.0,
Notiphila (Notiphila) dorsata,Arthropoda,Insecta,Diptera,Ephydridae,"BOLD,FE,SyDip",8.0,8.0,1.0,,,406527.0,
Notiphila (Notiphila) graecula,Arthropoda,Insecta,Diptera,Ephydridae,"BOLD,FE,SyDip",7.0,7.0,0.0,,,406533.0,
Notiphila (Notiphila) maculata,Arthropoda,Insecta,Diptera,Ephydridae,"BOLD,FE,SyDip",8.0,9.0,1.0,SyDip,,296235.0,
Notiphila (Notiphila) major,Arthropoda,Insecta,Diptera,Ephydridae,"BOLD,FE,SyDip",1.0,1.0,1.0,,,483724.0,
Notiphila (Notiphila) mima,Arthropoda,Insecta,Diptera,Ephydridae,"FE,SyDip",,,,,gap,,
Notiphila (Notiphila) nigricornis,Arthropoda,Insecta,Diptera,Ephydridae,"BOLD,FE,SyDip",5.0,6.0,0.0,,,406530.0,
Notiphila (Notiphila) nubila,Arthropoda,Insecta,Diptera,Ephydridae,"FE,SyDip",,,,,gap,,
Notiphila (Notiphila) pollinosa,Arthropoda,Insecta,Diptera,Ephydridae,"FE,SyDip",,,,,gap,,
Notiphila (Notiphila) riparia,Arthropoda,Insecta,Diptera,Ephydridae,"BOLD,FE,SyDip",9.0,9.0,1.0,,,237242.0,
Notiphila (Notiphila) stagnicola,Arthropoda,Insecta,Diptera,Ephydridae,"BOLD,FE,SyDip",2.0,3.0,0.0,SyDip,,406532.0,
Notiphila (Notiphila) subnigra,Arthropoda,Insecta,Diptera,Ephydridae,"BOLD,FE,SyDip",3.0,3.0,0.0,,,406531.0,
Notiphila brunipes,Arthropoda,Insecta,Diptera,Ephydridae,FE,,,,,gap,,
Notiphila uliginosa,Arthropoda,Insecta,Diptera,Ephydridae,"BOLD,FE,SyDip",7.0,11.0,1.0,,,406528.0,
Notiphila umbrosa,Arthropoda,Insecta,Diptera,Ephydridae,"FE,SyDip",,,,,gap,,
Notiphila venusta,Arthropoda,Insecta,Diptera,Ephydridae,"BOLD,FE,SyDip",1.0,3.0,0.0,,,406529.0,
Ochthera (Ochthera) manicata,Arthropoda,Insecta,Diptera,Ephydridae,"BOLD,FE,SyDip",6.0,9.0,0.0,SyDip,,406565.0,
Ochthera (Ochthera) palearctica,Arthropoda,Insecta,Diptera,Ephydridae,"FE,SyDip",,,,,gap,,
Ochthera (Ochthera) schembrii,Arthropoda,Insecta,Diptera,Ephydridae,"BOLD,FE,SyDip",5.0,5.0,0.0,,,1141500.0,
Ochthera mantis,Arthropoda,Insecta,Diptera,Ephydridae,"BOLD,FE,SyDip",3.0,5.0,1.0,,,483276.0,
Paracoenia (Paracoenia) beckeri,Arthropoda,Insecta,Diptera,Ephydridae,"FE,SyDip",,,,SyDip,gap,,
Paracoenia (Paracoenia) fumosa,Arthropoda,Insecta,Diptera,Ephydridae,"BOLD,FE,SyDip",11.0,14.0,1.0,SyDip,,406453.0,
Parydra (Chaetoapnaea) arctica,Arthropoda,Insecta,Diptera,Ephydridae,"FE,SyDip",,,,,gap,,
Parydra (Chaetoapnaea) danensis,Arthropoda,Insecta,Diptera,Ephydridae,"BOLD,SyDip",3.0,3.0,0.0,,,1141502.0,
Parydra (Chaetoapnaea) fossarum,Arthropoda,Insecta,Diptera,Ephydridae,"BOLD,FE,SyDip",19.0,28.0,3.0,SyDip,,406537.0,
Parydra (Chaetoapnaea) hecate,Arthropoda,Insecta,Diptera,Ephydridae,"BOLD,FE,SyDip",1.0,1.0,0.0,SyDip,,406539.0,
Parydra (Chaetoapnaea) mitis,Arthropoda,Insecta,Diptera,Ephydridae,"BOLD,FE,SyDip",0.0,1.0,0.0,SyDip,gap,483723.0,
Parydra (Chaetoapnaea) pubera,Arthropoda,Insecta,Diptera,Ephydridae,"FE,SyDip",7.0,7.0,0.0,,,1141517.0,
Parydra (Chaetoapnaea) pusilla,Arthropoda,Insecta,Diptera,Ephydridae,"BOLD,FE,SyDip",12.0,13.0,2.0,SyDip,,406536.0,
Parydra (Parydra) aquila,Arthropoda,Insecta,Diptera,Ephydridae,"BOLD,FE,SyDip",24.0,27.0,4.0,SyDip,,237244.0,530499.0
Parydra (Parydra) coarctata,Arthropoda,Insecta,Diptera,Ephydridae,"BOLD,FE,SyDip",15.0,16.0,2.0,SyDip,,406542.0,
Parydra (Parydra) cognata,Arthropoda,Insecta,Diptera,Ephydridae,"FE,SyDip",,,,,gap,,
Parydra (Parydra) flavitarsis,Arthropoda,Insecta,Diptera,Ephydridae,"FE,SyDip",7.0,7.0,0.0,SyDip,,1141516.0,
Parydra (Parydra) littoralis,Arthropoda,Insecta,Diptera,Ephydridae,"BOLD,FE,SyDip",7.0,10.0,0.0,SyDip,,406541.0,
Parydra (Parydra) nigritarsis,Arthropoda,Insecta,Diptera,Ephydridae,"BOLD,FE,SyDip",2.0,2.0,1.0,,,605196.0,
Parydra (Parydra) nubecula,Arthropoda,Insecta,Diptera,Ephydridae,"BOLD,FE,SyDip",7.0,8.0,1.0,,,406540.0,
Parydra (Parydra) quadripunctata,Arthropoda,Insecta,Diptera,Ephydridae,"BOLD,FE,SyDip",8.0,11.0,0.0,,,406538.0,
Parydra (Parydra) quinquemaculata,Arthropoda,Insecta,Diptera,Ephydridae,"BOLD,FE,SyDip",1.0,1.0,0.0,,,1140777.0,
Parydra (Parydra) ralloi,Arthropoda,Insecta,Diptera,Ephydridae,"FE,SyDip",,,,,gap,,
Parydra (Parydra) stagnicola,Arthropoda,Insecta,Diptera,Ephydridae,"FE,SyDip",,,,SyDip,gap,,
Parydra (Parydra) undulata,Arthropoda,Insecta,Diptera,Ephydridae,"FE,SyDip",,,,,gap,,
Parydra (Parydra) unicolor,Arthropoda,Insecta,Diptera,Ephydridae,"FE,SyDip",,,,SyDip,gap,,
Parydroptera discomyzina,Arthropoda,Insecta,Diptera,Ephydridae,"FE,SyDip",,,,,gap,,
Pelina (Telmatobia) aenescens,Arthropoda,Insecta,Diptera,Ephydridae,"FE,SyDip",,,,SyDip,gap,,
Pelina aenea,Arthropoda,Insecta,Diptera,Ephydridae,"BOLD,FE,SyDip",6.0,7.0,1.0,,,406577.0,
Pelina nitens,Arthropoda,Insecta,Diptera,Ephydridae,"BOLD,FE,SyDip",3.0,6.0,0.0,,,1141531.0,
Pelina norvegica,Arthropoda,Insecta,Diptera,Ephydridae,"BOLD,FE",1.0,2.0,0.0,,,406574.0,
Pelina similis,Arthropoda,Insecta,Diptera,Ephydridae,"BOLD,FE,SyDip",7.0,8.0,0.0,,,406576.0,
Pelina subpunctata,Arthropoda,Insecta,Diptera,Ephydridae,"BOLD,FE,SyDip",8.0,8.0,0.0,,,406575.0,
Philotelma defecta,Arthropoda,Insecta,Diptera,Ephydridae,"BOLD,FE,SyDip",1.0,1.0,0.0,,,1141508.0,
Philotelma defectum,Arthropoda,Insecta,Diptera,Ephydridae,BOLD,9.0,13.0,0.0,,,406459.0,
Philotelma nigripenne,Arthropoda,Insecta,Diptera,Ephydridae,"BOLD,FE,SyDip",2.0,2.0,0.0,,,985661.0,
Philotelma parva,Arthropoda,Insecta,Diptera,Ephydridae,"BOLD,FE,SyDip",4.0,4.0,0.0,,,1141509.0,
Philotelma parvum,Arthropoda,Insecta,Diptera,Ephydridae,BOLD,1.0,1.0,0.0,,,406461.0,
Philotelma rossii,Arthropoda,Insecta,Diptera,Ephydridae,"BOLD,FE,SyDip",7.0,7.0,0.0,,,406460.0,
Philotelma strandi,Arthropoda,Insecta,Diptera,Ephydridae,FE,,,,,gap,,
Philotelma tamarani,Arthropoda,Insecta,Diptera,Ephydridae,FE,,,,,gap,,
Philygria cedercreutzi,Arthropoda,Insecta,Diptera,Ephydridae,"FE,SyDip",,,,,gap,,
Philygria femorata,Arthropoda,Insecta,Diptera,Ephydridae,"BOLD,FE",1.0,2.0,0.0,,,1067886.0,
Philygria flavipes,Arthropoda,Insecta,Diptera,Ephydridae,"BOLD,FE,SyDip",14.0,15.0,1.0,,,406548.0,
Philygria interrupta,Arthropoda,Insecta,Diptera,Ephydridae,"FE,SyDip",,,,,gap,,
Philygria interstincta,Arthropoda,Insecta,Diptera,Ephydridae,"BOLD,FE,SyDip",34.0,35.0,1.0,,,406552.0,
Philygria madeirae,Arthropoda,Insecta,Diptera,Ephydridae,"FE,SyDip",,,,,gap,,
Philygria mocsaryi,Arthropoda,Insecta,Diptera,Ephydridae,"FE,SyDip",,,,,gap,,
Philygria morans,Arthropoda,Insecta,Diptera,Ephydridae,"FE,SyDip",,,,,gap,,
Philygria nigrescens,Arthropoda,Insecta,Diptera,Ephydridae,"BOLD,SyDip",4.0,9.0,1.0,,,528988.0,
Philygria nubeculosa,Arthropoda,Insecta,Diptera,Ephydridae,"FE,SyDip",,,,,gap,,
Philygria obtecta,Arthropoda,Insecta,Diptera,Ephydridae,"BOLD,FE,SyDip",2.0,2.0,0.0,,,406554.0,
Philygria posticata,Arthropoda,Insecta,Diptera,Ephydridae,"BOLD,FE,SyDip",9.0,9.0,0.0,,,406556.0,
Philygria punctatonervosa,Arthropoda,Insecta,Diptera,Ephydridae,"BOLD,FE,SyDip",17.0,17.0,1.0,,,406553.0,
Philygria stenoptera,Arthropoda,Insecta,Diptera,Ephydridae,"FE,SyDip",,,,,gap,,
Philygria stictica,Arthropoda,Insecta,Diptera,Ephydridae,"BOLD,FE,SyDip",9.0,9.0,1.0,,,406551.0,
Philygria vittipennis,Arthropoda,Insecta,Diptera,Ephydridae,"BOLD,FE,SyDip",61.0,62.0,1.0,,,406555.0,
Polytrichophora (Sklodowskopa) graeca,Arthropoda,Insecta,Diptera,Ephydridae,"BOLD,SyDip",5.0,5.0,0.0,,,1141503.0,
Polytrichophora duplosetosa,Arthropoda,Insecta,Diptera,Ephydridae,"BOLD,FE,SyDip",5.0,5.0,0.0,,,406507.0,
Psilopa aequalipes,Arthropoda,Insecta,Diptera,Ephydridae,"FE,SyDip",,,,,gap,,
Psilopa apicalis,Arthropoda,Insecta,Diptera,Ephydridae,"FE,SyDip",,,,,gap,,
Psilopa biskrae,Arthropoda,Insecta,Diptera,Ephydridae,FE,1.0,1.0,0.0,,,1141527.0,
Psilopa bornholmi,Arthropoda,Insecta,Diptera,Ephydridae,"FE,SyDip",,,,,gap,,
Psilopa clara,Arthropoda,Insecta,Diptera,Ephydridae,"FE,SyDip",,,,,gap,,
Psilopa compta,Arthropoda,Insecta,Diptera,Ephydridae,"BOLD,FE,SyDip",17.0,19.0,1.0,,,406518.0,
Psilopa fratella,Arthropoda,Insecta,Diptera,Ephydridae,"FE,SyDip",,,,,gap,,
Psilopa girschneri,Arthropoda,Insecta,Diptera,Ephydridae,"FE,SyDip",9.0,10.0,2.0,,,350387.0,723596.0
Psilopa leucostoma,Arthropoda,Insecta,Diptera,Ephydridae,"BOLD,FE,SyDip",15.0,22.0,2.0,,,406513.0,
Psilopa marginella,Arthropoda,Insecta,Diptera,Ephydridae,"BOLD,FE,SyDip",1.0,1.0,0.0,,,1067866.0,
Psilopa maritima,Arthropoda,Insecta,Diptera,Ephydridae,"FE,SyDip",,,,,gap,,
Psilopa meneghinii,Arthropoda,Insecta,Diptera,Ephydridae,"FE,SyDip",,,,,gap,,
Psilopa nana,Arthropoda,Insecta,Diptera,Ephydridae,"BOLD,FE,SyDip",12.0,12.0,0.0,,,406516.0,
Psilopa nervimaculata,Arthropoda,Insecta,Diptera,Ephydridae,"BOLD,SyDip",4.0,4.0,0.0,,,1141496.0,
Psilopa nigrifacies,Arthropoda,Insecta,Diptera,Ephydridae,"FE,SyDip",,,,,gap,,
Psilopa nigritella,Arthropoda,Insecta,Diptera,Ephydridae,"BOLD,FE,SyDip",19.0,20.0,0.0,,,406515.0,
Psilopa nilotica,Arthropoda,Insecta,Diptera,Ephydridae,"FE,SyDip",13.0,13.0,0.0,,,1141519.0,
Psilopa nitidifacies,Arthropoda,Insecta,Diptera,Ephydridae,"BOLD,FE,SyDip",2.0,2.0,1.0,,,483720.0,
Psilopa nitidissima,Arthropoda,Insecta,Diptera,Ephydridae,"BOLD,SyDip",1.0,1.0,1.0,,,775151.0,
Psilopa nitidula,Arthropoda,Insecta,Diptera,Ephydridae,"BOLD,FE,SyDip",14.0,15.0,1.0,,,406519.0,
Psilopa obscuripes,Arthropoda,Insecta,Diptera,Ephydridae,"BOLD,FE,SyDip",43.0,44.0,2.0,,,406517.0,
Psilopa pappi,Arthropoda,Insecta,Diptera,Ephydridae,"FE,SyDip",,,,,gap,,
Psilopa polita,Arthropoda,Insecta,Diptera,Ephydridae,"BOLD,FE,SyDip",54.0,56.0,1.0,,,406514.0,
Psilopa pulicaria,Arthropoda,Insecta,Diptera,Ephydridae,"BOLD,FE,SyDip",4.0,8.0,0.0,,,1141530.0,
Psilopa radiolata,Arthropoda,Insecta,Diptera,Ephydridae,"FE,SyDip",,,,,gap,,
Psilopa roederi,Arthropoda,Insecta,Diptera,Ephydridae,"FE,SyDip",,,,,gap,,
Psilopa rutilans,Arthropoda,Insecta,Diptera,Ephydridae,"FE,SyDip",4.0,4.0,0.0,,,1141523.0,
Psilopa stackelbergi,Arthropoda,Insecta,Diptera,Ephydridae,"BOLD,FE",6.0,6.0,1.0,,,467514.0,
Ptilomyia angustigenis,Arthropoda,Insecta,Diptera,Ephydridae,"FE,SyDip",,,,,gap,,
Ptilomyia madeirensis,Arthropoda,Insecta,Diptera,Ephydridae,"BOLD,SyDip",4.0,4.0,0.0,,,1141495.0,
Ptilomyia orsovana,Arthropoda,Insecta,Diptera,Ephydridae,"FE,SyDip",,,,,gap,,
Scatella (Neoscatella) crassicosta,Arthropoda,Insecta,Diptera,Ephydridae,"BOLD,FE,SyDip",10.0,10.0,1.0,,,459141.0,
Scatella (Neoscatella) megastoma,Arthropoda,Insecta,Diptera,Ephydridae,"FE,SyDip",,,,SyDip,gap,,
Scatella (Neoscatella) silacea,Arthropoda,Insecta,Diptera,Ephydridae,"BOLD,FE,SyDip",6.0,6.0,0.0,,,406473.0,
Scatella (Neoscatella) subguttata,Arthropoda,Insecta,Diptera,Ephydridae,"BOLD,FE,SyDip",10.0,11.0,1.0,SyDip,,406475.0,
Scatella (Scatella) ciliata,Arthropoda,Insecta,Diptera,Ephydridae,"FE,SyDip",4.0,4.0,0.0,,,1141493.0,
Scatella (Scatella) gea,Arthropoda,Insecta,Diptera,Ephydridae,"FE,SyDip",,,,,gap,,
Scatella (Scatella) indistincta,Arthropoda,Insecta,Diptera,Ephydridae,"BOLD,FE,SyDip",8.0,11.0,0.0,,,1141501.0,
Scatella (Scatella) irrorata,Arthropoda,Insecta,Diptera,Ephydridae,"FE,SyDip",,,,SyDip,gap,,
Scatella (Scatella) lutosa,Arthropoda,Insecta,Diptera,Ephydridae,"BOLD,FE,SyDip",9.0,9.0,1.0,SyDip,,406472.0,
Scatella (Scatella) major,Arthropoda,Insecta,Diptera,Ephydridae,"FE,SyDip",,,,,gap,,
Scatella (Scatella) obsoleta,Arthropoda,Insecta,Diptera,Ephydridae,"BOLD,FE,SyDip",18.0,26.0,3.0,,,406474.0,
Scatella (Scatella) paludum,Arthropoda,Insecta,Diptera,Ephydridae,"BOLD,FE,SyDip",61.0,68.0,1.0,SyDip,,237237.0,
Scatella (Scatella) rufipes,Arthropoda,Insecta,Diptera,Ephydridae,"FE,SyDip",4.0,4.0,0.0,,,1141520.0,
Scatella (Scatella) stagnalis,Arthropoda,Insecta,Diptera,Ephydridae,"BOLD,FE,SyDip",365.0,369.0,5.0,SyDip,,237238.0,
Scatella (Scatella) tenuicosta,Arthropoda,Insecta,Diptera,Ephydridae,"BOLD,FE,SyDip",225.0,231.0,3.0,SyDip,,406471.0,
Scatella (Teichomyza) fusca,Arthropoda,Insecta,Diptera,Ephydridae,"FE,SyDip",,,,,gap,,
Scatophila (Scatella) compta,Arthropoda,Insecta,Diptera,Ephydridae,"FE,SyDip",,,,SyDip,gap,,
Scatophila caviceps,Arthropoda,Insecta,Diptera,Ephydridae,"BOLD,FE,SyDip",19.0,20.0,1.0,,,406480.0,
Scatophila contaminata,Arthropoda,Insecta,Diptera,Ephydridae,"FE,SyDip",3.0,3.0,0.0,,,1067893.0,
Scatophila cribrata,Arthropoda,Insecta,Diptera,Ephydridae,"BOLD,FE,SyDip",9.0,10.0,1.0,,,479076.0,
Scatophila despecta,Arthropoda,Insecta,Diptera,Ephydridae,"BOLD,FE,SyDip",11.0,12.0,0.0,,,406477.0,
Scatophila farinae,Arthropoda,Insecta,Diptera,Ephydridae,"FE,SyDip",,,,,gap,,
Scatophila iowana,Arthropoda,Insecta,Diptera,Ephydridae,"FE,SyDip",,,,,gap,,
Scatophila mesogramma,Arthropoda,Insecta,Diptera,Ephydridae,"BOLD,FE,SyDip",5.0,5.0,0.0,,,406478.0,
Scatophila modesta,Arthropoda,Insecta,Diptera,Ephydridae,"FE,SyDip",,,,,gap,,
Scatophila noctula,Arthropoda,Insecta,Diptera,Ephydridae,"BOLD,FE,SyDip",7.0,8.0,1.0,,,406482.0,
Scatophila pumilio,Arthropoda,Insecta,Diptera,Ephydridae,FE,,,,,gap,,
Scatophila quadriguttata,Arthropoda,Insecta,Diptera,Ephydridae,"BOLD,FE,SyDip",5.0,5.0,0.0,,,406479.0,
Scatophila quadrilineata,Arthropoda,Insecta,Diptera,Ephydridae,"FE,SyDip",,,,,gap,,
Scatophila signata,Arthropoda,Insecta,Diptera,Ephydridae,"BOLD,FE,SyDip",3.0,3.0,0.0,,,406481.0,
Scatophila unicornis,Arthropoda,Insecta,Diptera,Ephydridae,"BOLD,FE,SyDip",5.0,7.0,1.0,,,765413.0,934813.0
Schema acrosticale,Arthropoda,Insecta,Diptera,Ephydridae,"BOLD,FE",12.0,13.0,0.0,,,406570.0,
Schema durrenbergensis,Arthropoda,Insecta,Diptera,Ephydridae,"BOLD,FE,SyDip",1.0,1.0,0.0,,,406571.0,
Scoliocephalus pallidisetis,Arthropoda,Insecta,Diptera,Ephydridae,"FE,SyDip",,,,,gap,,
Setacera aurata,Arthropoda,Insecta,Diptera,Ephydridae,"BOLD,FE,SyDip",4.0,4.0,1.0,,,483722.0,
Setacera breviventris,Arthropoda,Insecta,Diptera,Ephydridae,"BOLD,FE,SyDip",0.0,1.0,0.0,,gap,406455.0,
Setacera micans,Arthropoda,Insecta,Diptera,Ephydridae,"BOLD,FE,SyDip",3.0,3.0,1.0,,,646309.0,
Setacera trina,Arthropoda,Insecta,Diptera,Ephydridae,"BOLD,FE,SyDip",0.0,1.0,0.0,,gap,406456.0,
Subpelignus hortobagyensis,Arthropoda,Insecta,Diptera,Ephydridae,"FE,SyDip",,,,,gap,,
Trimerina intemeliae,Arthropoda,Insecta,Diptera,Ephydridae,"FE,SyDip",,,,,gap,,
Trimerina madizans,Arthropoda,Insecta,Diptera,Ephydridae,"BOLD,FE,SyDip",4.0,6.0,1.0,,,406521.0,
Trimerina microchaeta,Arthropoda,Insecta,Diptera,Ephydridae,"BOLD,FE,SyDip",2.0,2.0,1.0,,,970423.0,
Typopsilopa kerteszi,Arthropoda,Insecta,Diptera,Ephydridae,"FE,SyDip",,,,,gap,,
Zeros invenatus,Arthropoda,Insecta,Diptera,Ephydridae,"FE,SyDip",,,,,gap,,
